time,daily_max,daily_min,latitude,longitude,number,step,surface
1980-12-31,29.769318,27.376251,4.0,-73.0,0,0 days,0.0
1981-01-01,34.40457,23.967468,4.0,-73.0,0,0 days,0.0
1981-01-02,33.552765,23.618378,4.0,-73.0,0,0 days,0.0
1981-01-03,34.344055,21.680176,4.0,-73.0,0,0 days,0.0
1981-01-04,32.892487,21.860687,4.0,-73.0,0,0 days,0.0
1981-01-05,34.44638,22.230408,4.0,-73.0,0,0 days,0.0
1981-01-06,34.106903,21.620605,4.0,-73.0,0,0 days,0.0
1981-01-07,31.372467,22.891449,4.0,-73.0,0,0 days,0.0
1981-01-08,28.412811,21.288452,4.0,-73.0,0,0 days,0.0
1981-01-09,29.575592,22.27707,4.0,-73.0,0,0 days,0.0
1981-01-10,29.41153,21.249695,4.0,-73.0,0,0 days,0.0
1981-01-11,31.478302,21.2565,4.0,-73.0,0,0 days,0.0
1981-01-12,33.178986,22.44339,4.0,-73.0,0,0 days,0.0
1981-01-13,32.706696,21.951904,4.0,-73.0,0,0 days,0.0
1981-01-14,33.80655,22.392578,4.0,-73.0,0,0 days,0.0
1981-01-15,33.287994,21.056793,4.0,-73.0,0,0 days,0.0
1981-01-16,32.677216,20.765045,4.0,-73.0,0,0 days,0.0
1981-01-17,33.535248,22.07431,4.0,-73.0,0,0 days,0.0
1981-01-18,34.38376,22.176117,4.0,-73.0,0,0 days,0.0
1981-01-19,34.785187,21.973724,4.0,-73.0,0,0 days,0.0
1981-01-20,34.36728,20.81784,4.0,-73.0,0,0 days,0.0
1981-01-21,34.4263,22.49936,4.0,-73.0,0,0 days,0.0
1981-01-22,34.83618,22.838226,4.0,-73.0,0,0 days,0.0
1981-01-23,35.354095,22.406342,4.0,-73.0,0,0 days,0.0
1981-01-24,35.60498,23.157898,4.0,-73.0,0,0 days,0.0
1981-01-25,35.108063,23.28238,4.0,-73.0,0,0 days,0.0
1981-01-26,36.09662,21.818573,4.0,-73.0,0,0 days,0.0
1981-01-27,35.733307,21.750214,4.0,-73.0,0,0 days,0.0
1981-01-28,35.56595,23.204437,4.0,-73.0,0,0 days,0.0
1981-01-29,35.081696,23.759735,4.0,-73.0,0,0 days,0.0
1981-01-30,35.108,22.8461,4.0,-73.0,0,0 days,0.0
1981-01-31,34.39572,23.350922,4.0,-73.0,0,0 days,0.0
1981-02-01,33.704132,24.445435,4.0,-73.0,0,0 days,0.0
1981-02-02,34.72586,22.485931,4.0,-73.0,0,0 days,0.0
1981-02-03,34.378998,23.988037,4.0,-73.0,0,0 days,0.0
1981-02-04,34.968475,25.650604,4.0,-73.0,0,0 days,0.0
1981-02-05,35.573822,23.235504,4.0,-73.0,0,0 days,0.0
1981-02-06,33.965057,24.082916,4.0,-73.0,0,0 days,0.0
1981-02-07,34.4368,23.460907,4.0,-73.0,0,0 days,0.0
1981-02-08,34.984955,23.566406,4.0,-73.0,0,0 days,0.0
1981-02-09,34.740753,24.913666,4.0,-73.0,0,0 days,0.0
1981-02-10,34.964996,24.45169,4.0,-73.0,0,0 days,0.0
1981-02-11,36.10681,24.224945,4.0,-73.0,0,0 days,0.0
1981-02-12,35.679047,24.42862,4.0,-73.0,0,0 days,0.0
1981-02-13,35.257294,25.385406,4.0,-73.0,0,0 days,0.0
1981-02-14,33.550842,26.649872,4.0,-73.0,0,0 days,0.0
1981-02-15,34.828583,25.046722,4.0,-73.0,0,0 days,0.0
1981-02-16,33.36502,25.322418,4.0,-73.0,0,0 days,0.0
1981-02-17,29.70639,23.284363,4.0,-73.0,0,0 days,0.0
1981-02-18,31.96817,22.99939,4.0,-73.0,0,0 days,0.0
1981-02-19,28.81015,21.918976,4.0,-73.0,0,0 days,0.0
1981-02-20,28.476044,21.592834,4.0,-73.0,0,0 days,0.0
1981-02-21,31.411652,20.131683,4.0,-73.0,0,0 days,0.0
1981-02-22,31.248627,21.727264,4.0,-73.0,0,0 days,0.0
1981-02-23,30.382935,21.997528,4.0,-73.0,0,0 days,0.0
1981-02-24,31.482452,22.018433,4.0,-73.0,0,0 days,0.0
1981-02-25,28.868317,22.079071,4.0,-73.0,0,0 days,0.0
1981-02-26,31.061676,22.345795,4.0,-73.0,0,0 days,0.0
1981-02-27,28.555267,22.75644,4.0,-73.0,0,0 days,0.0
1981-02-28,29.57547,22.821808,4.0,-73.0,0,0 days,0.0
1981-03-01,29.227264,22.116486,4.0,-73.0,0,0 days,0.0
1981-03-02,28.103119,22.2518,4.0,-73.0,0,0 days,0.0
1981-03-03,29.709015,21.556854,4.0,-73.0,0,0 days,0.0
1981-03-04,31.421051,21.34549,4.0,-73.0,0,0 days,0.0
1981-03-05,31.490997,20.973541,4.0,-73.0,0,0 days,0.0
1981-03-06,30.951935,22.741333,4.0,-73.0,0,0 days,0.0
1981-03-07,31.960846,22.722992,4.0,-73.0,0,0 days,0.0
1981-03-08,33.365417,22.599548,4.0,-73.0,0,0 days,0.0
1981-03-09,31.970001,22.510803,4.0,-73.0,0,0 days,0.0
1981-03-10,29.561676,22.07544,4.0,-73.0,0,0 days,0.0
1981-03-11,32.989532,21.924805,4.0,-73.0,0,0 days,0.0
1981-03-12,32.505585,20.668243,4.0,-73.0,0,0 days,0.0
1981-03-13,32.985504,22.632874,4.0,-73.0,0,0 days,0.0
1981-03-14,34.04416,23.409027,4.0,-73.0,0,0 days,0.0
1981-03-15,34.277985,23.316498,4.0,-73.0,0,0 days,0.0
1981-03-16,32.064026,24.740356,4.0,-73.0,0,0 days,0.0
1981-03-17,33.77231,24.194244,4.0,-73.0,0,0 days,0.0
1981-03-18,35.210114,23.518585,4.0,-73.0,0,0 days,0.0
1981-03-19,33.179443,23.037628,4.0,-73.0,0,0 days,0.0
1981-03-20,34.196075,23.76709,4.0,-73.0,0,0 days,0.0
1981-03-21,35.149628,23.13144,4.0,-73.0,0,0 days,0.0
1981-03-22,31.937042,23.964508,4.0,-73.0,0,0 days,0.0
1981-03-23,33.739044,22.517761,4.0,-73.0,0,0 days,0.0
1981-03-24,34.809418,22.999237,4.0,-73.0,0,0 days,0.0
1981-03-25,35.56833,22.039581,4.0,-73.0,0,0 days,0.0
1981-03-26,32.12738,23.960724,4.0,-73.0,0,0 days,0.0
1981-03-27,31.713013,23.508484,4.0,-73.0,0,0 days,0.0
1981-03-28,35.236053,22.13388,4.0,-73.0,0,0 days,0.0
1981-03-29,35.12784,22.49582,4.0,-73.0,0,0 days,0.0
1981-03-30,35.911224,23.204987,4.0,-73.0,0,0 days,0.0
1981-03-31,35.433746,23.290863,4.0,-73.0,0,0 days,0.0
1981-04-01,32.01407,22.990814,4.0,-73.0,0,0 days,0.0
1981-04-02,32.080353,24.004547,4.0,-73.0,0,0 days,0.0
1981-04-03,33.191437,24.258087,4.0,-73.0,0,0 days,0.0
1981-04-04,31.410675,22.186493,4.0,-73.0,0,0 days,0.0
1981-04-05,28.399689,21.73349,4.0,-73.0,0,0 days,0.0
1981-04-06,32.199493,22.263031,4.0,-73.0,0,0 days,0.0
1981-04-07,30.000244,22.19577,4.0,-73.0,0,0 days,0.0
1981-04-08,30.942719,22.608307,4.0,-73.0,0,0 days,0.0
1981-04-09,28.969849,22.829071,4.0,-73.0,0,0 days,0.0
1981-04-10,29.822418,21.347443,4.0,-73.0,0,0 days,0.0
1981-04-11,31.374786,22.806366,4.0,-73.0,0,0 days,0.0
1981-04-12,25.816803,23.233154,4.0,-73.0,0,0 days,0.0
1981-04-13,28.054047,22.565643,4.0,-73.0,0,0 days,0.0
1981-04-14,28.394318,23.060516,4.0,-73.0,0,0 days,0.0
1981-04-15,29.024994,22.640839,4.0,-73.0,0,0 days,0.0
1981-04-16,27.864716,23.539124,4.0,-73.0,0,0 days,0.0
1981-04-17,26.682922,22.059631,4.0,-73.0,0,0 days,0.0
1981-04-18,31.386383,22.16925,4.0,-73.0,0,0 days,0.0
1981-04-19,27.90094,22.570099,4.0,-73.0,0,0 days,0.0
1981-04-20,30.973236,22.507172,4.0,-73.0,0,0 days,0.0
1981-04-21,30.417267,23.192474,4.0,-73.0,0,0 days,0.0
1981-04-22,28.77597,22.724945,4.0,-73.0,0,0 days,0.0
1981-04-23,32.045258,22.374908,4.0,-73.0,0,0 days,0.0
1981-04-24,31.186157,23.381348,4.0,-73.0,0,0 days,0.0
1981-04-25,30.564606,23.507294,4.0,-73.0,0,0 days,0.0
1981-04-26,30.06015,23.221558,4.0,-73.0,0,0 days,0.0
1981-04-27,27.574585,22.858032,4.0,-73.0,0,0 days,0.0
1981-04-28,29.113373,22.766632,4.0,-73.0,0,0 days,0.0
1981-04-29,31.199402,22.439789,4.0,-73.0,0,0 days,0.0
1981-04-30,29.089325,22.457245,4.0,-73.0,0,0 days,0.0
1981-05-01,29.229279,22.0177,4.0,-73.0,0,0 days,0.0
1981-05-02,30.28598,22.278778,4.0,-73.0,0,0 days,0.0
1981-05-03,30.030945,22.576233,4.0,-73.0,0,0 days,0.0
1981-05-04,27.739471,23.086945,4.0,-73.0,0,0 days,0.0
1981-05-05,27.37497,23.168854,4.0,-73.0,0,0 days,0.0
1981-05-06,28.854462,22.266998,4.0,-73.0,0,0 days,0.0
1981-05-07,29.780304,21.869537,4.0,-73.0,0,0 days,0.0
1981-05-08,30.026031,22.434479,4.0,-73.0,0,0 days,0.0
1981-05-09,30.115448,23.05597,4.0,-73.0,0,0 days,0.0
1981-05-10,30.274658,22.862396,4.0,-73.0,0,0 days,0.0
1981-05-11,30.395294,23.13919,4.0,-73.0,0,0 days,0.0
1981-05-12,28.34085,22.540375,4.0,-73.0,0,0 days,0.0
1981-05-13,30.91858,23.042938,4.0,-73.0,0,0 days,0.0
1981-05-14,29.09732,23.335663,4.0,-73.0,0,0 days,0.0
1981-05-15,31.282745,22.500397,4.0,-73.0,0,0 days,0.0
1981-05-16,28.17627,22.25293,4.0,-73.0,0,0 days,0.0
1981-05-17,28.402985,22.716034,4.0,-73.0,0,0 days,0.0
1981-05-18,28.334259,21.73825,4.0,-73.0,0,0 days,0.0
1981-05-19,30.326141,22.598175,4.0,-73.0,0,0 days,0.0
1981-05-20,29.878143,22.094757,4.0,-73.0,0,0 days,0.0
1981-05-21,28.65512,23.66391,4.0,-73.0,0,0 days,0.0
1981-05-22,29.094513,23.028564,4.0,-73.0,0,0 days,0.0
1981-05-23,29.323242,22.525085,4.0,-73.0,0,0 days,0.0
1981-05-24,29.963287,22.186615,4.0,-73.0,0,0 days,0.0
1981-05-25,26.915833,21.832397,4.0,-73.0,0,0 days,0.0
1981-05-26,28.36264,22.197998,4.0,-73.0,0,0 days,0.0
1981-05-27,26.962677,23.194458,4.0,-73.0,0,0 days,0.0
1981-05-28,27.972198,21.978302,4.0,-73.0,0,0 days,0.0
1981-05-29,28.3638,22.32962,4.0,-73.0,0,0 days,0.0
1981-05-30,28.042908,21.410767,4.0,-73.0,0,0 days,0.0
1981-05-31,28.098175,22.624939,4.0,-73.0,0,0 days,0.0
1981-06-01,29.673767,22.069489,4.0,-73.0,0,0 days,0.0
1981-06-02,30.344452,22.256714,4.0,-73.0,0,0 days,0.0
1981-06-03,29.81186,22.697906,4.0,-73.0,0,0 days,0.0
1981-06-04,30.736053,22.414093,4.0,-73.0,0,0 days,0.0
1981-06-05,30.207367,22.481995,4.0,-73.0,0,0 days,0.0
1981-06-06,30.424347,22.249542,4.0,-73.0,0,0 days,0.0
1981-06-07,28.275757,22.183044,4.0,-73.0,0,0 days,0.0
1981-06-08,29.276398,22.89618,4.0,-73.0,0,0 days,0.0
1981-06-09,26.679535,21.837341,4.0,-73.0,0,0 days,0.0
1981-06-10,27.121063,22.249664,4.0,-73.0,0,0 days,0.0
1981-06-11,27.585968,22.430573,4.0,-73.0,0,0 days,0.0
1981-06-12,27.096497,21.815948,4.0,-73.0,0,0 days,0.0
1981-06-13,27.424469,22.183228,4.0,-73.0,0,0 days,0.0
1981-06-14,28.660248,21.539764,4.0,-73.0,0,0 days,0.0
1981-06-15,27.77005,21.98465,4.0,-73.0,0,0 days,0.0
1981-06-16,29.641327,21.456573,4.0,-73.0,0,0 days,0.0
1981-06-17,28.752563,22.058868,4.0,-73.0,0,0 days,0.0
1981-06-18,25.048615,22.003357,4.0,-73.0,0,0 days,0.0
1981-06-19,27.371185,21.342712,4.0,-73.0,0,0 days,0.0
1981-06-20,29.380768,21.848541,4.0,-73.0,0,0 days,0.0
1981-06-21,28.449066,21.745026,4.0,-73.0,0,0 days,0.0
1981-06-22,29.322357,21.777527,4.0,-73.0,0,0 days,0.0
1981-06-23,27.476654,22.163269,4.0,-73.0,0,0 days,0.0
1981-06-24,28.896545,21.092194,4.0,-73.0,0,0 days,0.0
1981-06-25,28.721954,21.29245,4.0,-73.0,0,0 days,0.0
1981-06-26,27.980255,21.75772,4.0,-73.0,0,0 days,0.0
1981-06-27,25.710846,21.460968,4.0,-73.0,0,0 days,0.0
1981-06-28,29.428864,21.939453,4.0,-73.0,0,0 days,0.0
1981-06-29,28.749786,20.699371,4.0,-73.0,0,0 days,0.0
1981-06-30,29.577179,21.326202,4.0,-73.0,0,0 days,0.0
1981-07-01,30.938751,22.040314,4.0,-73.0,0,0 days,0.0
1981-07-02,29.023438,22.520905,4.0,-73.0,0,0 days,0.0
1981-07-03,27.263397,21.605682,4.0,-73.0,0,0 days,0.0
1981-07-04,29.055328,21.191956,4.0,-73.0,0,0 days,0.0
1981-07-05,29.43393,21.808777,4.0,-73.0,0,0 days,0.0
1981-07-06,29.431915,21.716187,4.0,-73.0,0,0 days,0.0
1981-07-07,28.32779,21.281342,4.0,-73.0,0,0 days,0.0
1981-07-08,29.159668,21.99234,4.0,-73.0,0,0 days,0.0
1981-07-09,27.800476,21.197968,4.0,-73.0,0,0 days,0.0
1981-07-10,28.306671,21.074036,4.0,-73.0,0,0 days,0.0
1981-07-11,27.211884,22.279785,4.0,-73.0,0,0 days,0.0
1981-07-12,28.374054,20.810303,4.0,-73.0,0,0 days,0.0
1981-07-13,30.59494,22.052216,4.0,-73.0,0,0 days,0.0
1981-07-14,27.637604,21.500732,4.0,-73.0,0,0 days,0.0
1981-07-15,29.536652,20.9758,4.0,-73.0,0,0 days,0.0
1981-07-16,29.146301,21.137695,4.0,-73.0,0,0 days,0.0
1981-07-17,25.668884,21.61673,4.0,-73.0,0,0 days,0.0
1981-07-18,28.716644,21.833466,4.0,-73.0,0,0 days,0.0
1981-07-19,28.446198,21.604584,4.0,-73.0,0,0 days,0.0
1981-07-20,22.654327,19.26236,4.0,-73.0,0,0 days,0.0
1981-07-21,24.803955,17.805145,4.0,-73.0,0,0 days,0.0
1981-07-22,27.773163,17.479523,4.0,-73.0,0,0 days,0.0
1981-07-23,28.610077,21.582642,4.0,-73.0,0,0 days,0.0
1981-07-24,29.362,20.903656,4.0,-73.0,0,0 days,0.0
1981-07-25,27.91446,21.053925,4.0,-73.0,0,0 days,0.0
1981-07-26,27.865692,21.669586,4.0,-73.0,0,0 days,0.0
1981-07-27,28.6586,21.821594,4.0,-73.0,0,0 days,0.0
1981-07-28,28.56076,21.976501,4.0,-73.0,0,0 days,0.0
1981-07-29,29.786865,19.677368,4.0,-73.0,0,0 days,0.0
1981-07-30,28.711182,21.680054,4.0,-73.0,0,0 days,0.0
1981-07-31,28.19751,21.927338,4.0,-73.0,0,0 days,0.0
1981-08-01,29.930145,22.137909,4.0,-73.0,0,0 days,0.0
1981-08-02,26.244537,21.565643,4.0,-73.0,0,0 days,0.0
1981-08-03,28.716278,20.980957,4.0,-73.0,0,0 days,0.0
1981-08-04,30.018951,22.086304,4.0,-73.0,0,0 days,0.0
1981-08-05,29.198517,22.373688,4.0,-73.0,0,0 days,0.0
1981-08-06,27.68991,22.300415,4.0,-73.0,0,0 days,0.0
1981-08-07,29.588287,20.842133,4.0,-73.0,0,0 days,0.0
1981-08-08,28.012878,22.153534,4.0,-73.0,0,0 days,0.0
1981-08-09,29.932281,21.996124,4.0,-73.0,0,0 days,0.0
1981-08-10,29.06311,21.599945,4.0,-73.0,0,0 days,0.0
1981-08-11,29.168213,22.279327,4.0,-73.0,0,0 days,0.0
1981-08-12,27.32492,22.151459,4.0,-73.0,0,0 days,0.0
1981-08-13,29.079132,21.837463,4.0,-73.0,0,0 days,0.0
1981-08-14,30.920746,21.452179,4.0,-73.0,0,0 days,0.0
1981-08-15,31.42978,22.472717,4.0,-73.0,0,0 days,0.0
1981-08-16,30.945557,22.699951,4.0,-73.0,0,0 days,0.0
1981-08-17,29.71167,21.924286,4.0,-73.0,0,0 days,0.0
1981-08-18,28.814972,20.90393,4.0,-73.0,0,0 days,0.0
1981-08-19,27.858368,21.261017,4.0,-73.0,0,0 days,0.0
1981-08-20,30.05832,21.264801,4.0,-73.0,0,0 days,0.0
1981-08-21,30.321686,21.401001,4.0,-73.0,0,0 days,0.0
1981-08-22,30.218842,21.938507,4.0,-73.0,0,0 days,0.0
1981-08-23,29.398712,22.522217,4.0,-73.0,0,0 days,0.0
1981-08-24,31.417267,20.862396,4.0,-73.0,0,0 days,0.0
1981-08-25,26.870392,21.611725,4.0,-73.0,0,0 days,0.0
1981-08-26,29.748444,19.902222,4.0,-73.0,0,0 days,0.0
1981-08-27,28.249573,21.881195,4.0,-73.0,0,0 days,0.0
1981-08-28,30.483124,20.406708,4.0,-73.0,0,0 days,0.0
1981-08-29,30.13089,20.555481,4.0,-73.0,0,0 days,0.0
1981-08-30,31.200653,21.450836,4.0,-73.0,0,0 days,0.0
1981-08-31,26.661774,20.907928,4.0,-73.0,0,0 days,0.0
1981-09-01,30.575409,21.405243,4.0,-73.0,0,0 days,0.0
1981-09-02,31.181763,21.250427,4.0,-73.0,0,0 days,0.0
1981-09-03,30.305573,23.029327,4.0,-73.0,0,0 days,0.0
1981-09-04,27.860992,21.650574,4.0,-73.0,0,0 days,0.0
1981-09-05,29.105988,21.901672,4.0,-73.0,0,0 days,0.0
1981-09-06,30.410675,21.925446,4.0,-73.0,0,0 days,0.0
1981-09-07,28.533966,21.014801,4.0,-73.0,0,0 days,0.0
1981-09-08,30.066284,21.690216,4.0,-73.0,0,0 days,0.0
1981-09-09,29.97226,21.525604,4.0,-73.0,0,0 days,0.0
1981-09-10,28.951447,21.515015,4.0,-73.0,0,0 days,0.0
1981-09-11,28.814606,21.789764,4.0,-73.0,0,0 days,0.0
1981-09-12,29.753052,20.293793,4.0,-73.0,0,0 days,0.0
1981-09-13,30.173676,22.236145,4.0,-73.0,0,0 days,0.0
1981-09-14,28.919708,21.453308,4.0,-73.0,0,0 days,0.0
1981-09-15,24.973969,21.491241,4.0,-73.0,0,0 days,0.0
1981-09-16,27.618805,20.775024,4.0,-73.0,0,0 days,0.0
1981-09-17,28.161102,21.0206,4.0,-73.0,0,0 days,0.0
1981-09-18,30.18045,21.499725,4.0,-73.0,0,0 days,0.0
1981-09-19,28.161224,20.84549,4.0,-73.0,0,0 days,0.0
1981-09-20,30.091156,21.57309,4.0,-73.0,0,0 days,0.0
1981-09-21,28.920563,22.621735,4.0,-73.0,0,0 days,0.0
1981-09-22,30.61618,21.934814,4.0,-73.0,0,0 days,0.0
1981-09-23,29.007843,22.462463,4.0,-73.0,0,0 days,0.0
1981-09-24,28.677765,22.337067,4.0,-73.0,0,0 days,0.0
1981-09-25,30.174042,22.711456,4.0,-73.0,0,0 days,0.0
1981-09-26,31.244385,22.585663,4.0,-73.0,0,0 days,0.0
1981-09-27,28.693756,22.155457,4.0,-73.0,0,0 days,0.0
1981-09-28,29.268219,22.270966,4.0,-73.0,0,0 days,0.0
1981-09-29,30.578217,22.41214,4.0,-73.0,0,0 days,0.0
1981-09-30,30.454681,22.323029,4.0,-73.0,0,0 days,0.0
1981-10-01,27.27127,21.693176,4.0,-73.0,0,0 days,0.0
1981-10-02,29.555695,22.970764,4.0,-73.0,0,0 days,0.0
1981-10-03,30.106354,20.920563,4.0,-73.0,0,0 days,0.0
1981-10-04,29.751862,22.351776,4.0,-73.0,0,0 days,0.0
1981-10-05,31.208588,23.309113,4.0,-73.0,0,0 days,0.0
1981-10-06,31.65387,23.765045,4.0,-73.0,0,0 days,0.0
1981-10-07,30.392487,22.269379,4.0,-73.0,0,0 days,0.0
1981-10-08,30.061066,21.21222,4.0,-73.0,0,0 days,0.0
1981-10-09,28.46286,22.103638,4.0,-73.0,0,0 days,0.0
1981-10-10,30.54544,21.810547,4.0,-73.0,0,0 days,0.0
1981-10-11,30.19809,22.748383,4.0,-73.0,0,0 days,0.0
1981-10-12,30.603363,21.298798,4.0,-73.0,0,0 days,0.0
1981-10-13,29.59848,22.471344,4.0,-73.0,0,0 days,0.0
1981-10-14,29.184296,22.025421,4.0,-73.0,0,0 days,0.0
1981-10-15,29.622162,22.564606,4.0,-73.0,0,0 days,0.0
1981-10-16,30.062103,22.975128,4.0,-73.0,0,0 days,0.0
1981-10-17,29.910309,22.255798,4.0,-73.0,0,0 days,0.0
1981-10-18,30.265503,22.45578,4.0,-73.0,0,0 days,0.0
1981-10-19,31.33316,21.6875,4.0,-73.0,0,0 days,0.0
1981-10-20,32.128387,20.579285,4.0,-73.0,0,0 days,0.0
1981-10-21,30.91101,22.041565,4.0,-73.0,0,0 days,0.0
1981-10-22,28.808441,21.777283,4.0,-73.0,0,0 days,0.0
1981-10-23,30.753204,22.662231,4.0,-73.0,0,0 days,0.0
1981-10-24,29.236267,21.99936,4.0,-73.0,0,0 days,0.0
1981-10-25,30.77127,22.221466,4.0,-73.0,0,0 days,0.0
1981-10-26,28.93161,21.990448,4.0,-73.0,0,0 days,0.0
1981-10-27,30.738617,22.022217,4.0,-73.0,0,0 days,0.0
1981-10-28,30.891663,22.984253,4.0,-73.0,0,0 days,0.0
1981-10-29,31.231262,23.303802,4.0,-73.0,0,0 days,0.0
1981-10-30,29.048737,22.717377,4.0,-73.0,0,0 days,0.0
1981-10-31,30.129059,22.417694,4.0,-73.0,0,0 days,0.0
1981-11-01,31.283356,22.858734,4.0,-73.0,0,0 days,0.0
1981-11-02,31.442017,23.551666,4.0,-73.0,0,0 days,0.0
1981-11-03,31.92514,22.00003,4.0,-73.0,0,0 days,0.0
1981-11-04,29.549438,22.627777,4.0,-73.0,0,0 days,0.0
1981-11-05,31.34842,22.529205,4.0,-73.0,0,0 days,0.0
1981-11-06,32.022278,21.824188,4.0,-73.0,0,0 days,0.0
1981-11-07,28.065216,22.687775,4.0,-73.0,0,0 days,0.0
1981-11-08,31.745026,23.134949,4.0,-73.0,0,0 days,0.0
1981-11-09,31.71817,23.25064,4.0,-73.0,0,0 days,0.0
1981-11-10,31.981506,22.660309,4.0,-73.0,0,0 days,0.0
1981-11-11,32.33075,22.803345,4.0,-73.0,0,0 days,0.0
1981-11-12,30.319916,23.958466,4.0,-73.0,0,0 days,0.0
1981-11-13,30.327301,22.832245,4.0,-73.0,0,0 days,0.0
1981-11-14,30.140442,23.2005,4.0,-73.0,0,0 days,0.0
1981-11-15,31.35379,22.520477,4.0,-73.0,0,0 days,0.0
1981-11-16,31.140045,22.95694,4.0,-73.0,0,0 days,0.0
1981-11-17,31.44571,23.86554,4.0,-73.0,0,0 days,0.0
1981-11-18,29.840088,23.149597,4.0,-73.0,0,0 days,0.0
1981-11-19,31.393005,21.660004,4.0,-73.0,0,0 days,0.0
1981-11-20,31.943878,22.966309,4.0,-73.0,0,0 days,0.0
1981-11-21,29.237823,21.861572,4.0,-73.0,0,0 days,0.0
1981-11-22,29.980682,22.659882,4.0,-73.0,0,0 days,0.0
1981-11-23,31.521698,22.627716,4.0,-73.0,0,0 days,0.0
1981-11-24,29.651764,23.279358,4.0,-73.0,0,0 days,0.0
1981-11-25,30.957306,22.536896,4.0,-73.0,0,0 days,0.0
1981-11-26,31.757843,22.254791,4.0,-73.0,0,0 days,0.0
1981-11-27,29.726898,21.519714,4.0,-73.0,0,0 days,0.0
1981-11-28,30.64627,22.053864,4.0,-73.0,0,0 days,0.0
1981-11-29,31.520294,21.950165,4.0,-73.0,0,0 days,0.0
1981-11-30,31.367096,22.310852,4.0,-73.0,0,0 days,0.0
1981-12-01,32.035126,22.8284,4.0,-73.0,0,0 days,0.0
1981-12-02,29.201263,21.426636,4.0,-73.0,0,0 days,0.0
1981-12-03,30.491364,22.01712,4.0,-73.0,0,0 days,0.0
1981-12-04,30.102966,20.64859,4.0,-73.0,0,0 days,0.0
1981-12-05,28.958221,22.498047,4.0,-73.0,0,0 days,0.0
1981-12-06,30.00113,23.17044,4.0,-73.0,0,0 days,0.0
1981-12-07,30.502838,22.783539,4.0,-73.0,0,0 days,0.0
1981-12-08,30.19168,22.57434,4.0,-73.0,0,0 days,0.0
1981-12-09,29.831696,21.543182,4.0,-73.0,0,0 days,0.0
1981-12-10,30.081207,22.183716,4.0,-73.0,0,0 days,0.0
1981-12-11,30.353302,20.854828,4.0,-73.0,0,0 days,0.0
1981-12-12,30.622345,22.033478,4.0,-73.0,0,0 days,0.0
1981-12-13,28.452118,22.558563,4.0,-73.0,0,0 days,0.0
1981-12-14,28.47641,22.814423,4.0,-73.0,0,0 days,0.0
1981-12-15,31.110199,20.710602,4.0,-73.0,0,0 days,0.0
1981-12-16,31.173676,20.816406,4.0,-73.0,0,0 days,0.0
1981-12-17,30.409698,20.751526,4.0,-73.0,0,0 days,0.0
1981-12-18,30.800323,22.081024,4.0,-73.0,0,0 days,0.0
1981-12-19,31.365448,22.142975,4.0,-73.0,0,0 days,0.0
1981-12-20,30.6268,22.56665,4.0,-73.0,0,0 days,0.0
1981-12-21,30.49472,22.133545,4.0,-73.0,0,0 days,0.0
1981-12-22,31.280487,23.05185,4.0,-73.0,0,0 days,0.0
1981-12-23,30.710663,22.439545,4.0,-73.0,0,0 days,0.0
1981-12-24,31.141083,21.61496,4.0,-73.0,0,0 days,0.0
1981-12-25,31.74643,22.957977,4.0,-73.0,0,0 days,0.0
1981-12-26,29.762482,21.53717,4.0,-73.0,0,0 days,0.0
1981-12-27,29.84372,22.00763,4.0,-73.0,0,0 days,0.0
1981-12-28,29.775848,19.976593,4.0,-73.0,0,0 days,0.0
1981-12-29,28.931854,21.60492,4.0,-73.0,0,0 days,0.0
1981-12-30,31.667389,21.707703,4.0,-73.0,0,0 days,0.0
1981-12-31,30.869354,23.062134,4.0,-73.0,0,0 days,0.0
1982-01-01,32.110138,22.672455,4.0,-73.0,0,0 days,0.0
1982-01-02,28.596222,22.295746,4.0,-73.0,0,0 days,0.0
1982-01-03,29.76767,22.348969,4.0,-73.0,0,0 days,0.0
1982-01-04,31.398285,21.680603,4.0,-73.0,0,0 days,0.0
1982-01-05,29.38681,22.156189,4.0,-73.0,0,0 days,0.0
1982-01-06,30.589142,22.594482,4.0,-73.0,0,0 days,0.0
1982-01-07,30.325745,22.597656,4.0,-73.0,0,0 days,0.0
1982-01-08,30.990936,21.562164,4.0,-73.0,0,0 days,0.0
1982-01-09,30.649689,20.413757,4.0,-73.0,0,0 days,0.0
1982-01-10,31.514801,21.393036,4.0,-73.0,0,0 days,0.0
1982-01-11,32.094727,21.029297,4.0,-73.0,0,0 days,0.0
1982-01-12,29.54538,20.527191,4.0,-73.0,0,0 days,0.0
1982-01-13,30.1586,21.806183,4.0,-73.0,0,0 days,0.0
1982-01-14,31.85025,21.249054,4.0,-73.0,0,0 days,0.0
1982-01-15,31.26059,21.487946,4.0,-73.0,0,0 days,0.0
1982-01-16,33.423767,20.589417,4.0,-73.0,0,0 days,0.0
1982-01-17,32.62964,20.872314,4.0,-73.0,0,0 days,0.0
1982-01-18,32.015045,22.0831,4.0,-73.0,0,0 days,0.0
1982-01-19,32.918,21.133392,4.0,-73.0,0,0 days,0.0
1982-01-20,32.323517,21.984314,4.0,-73.0,0,0 days,0.0
1982-01-21,33.49057,20.870178,4.0,-73.0,0,0 days,0.0
1982-01-22,33.409973,21.911804,4.0,-73.0,0,0 days,0.0
1982-01-23,33.993134,18.88269,4.0,-73.0,0,0 days,0.0
1982-01-24,33.10739,20.553314,4.0,-73.0,0,0 days,0.0
1982-01-25,32.79706,22.313751,4.0,-73.0,0,0 days,0.0
1982-01-26,33.989197,21.702148,4.0,-73.0,0,0 days,0.0
1982-01-27,32.297363,23.1904,4.0,-73.0,0,0 days,0.0
1982-01-28,32.802765,23.857208,4.0,-73.0,0,0 days,0.0
1982-01-29,31.925812,21.783386,4.0,-73.0,0,0 days,0.0
1982-01-30,31.901337,23.229645,4.0,-73.0,0,0 days,0.0
1982-01-31,32.40335,23.875763,4.0,-73.0,0,0 days,0.0
1982-02-01,34.121613,22.605225,4.0,-73.0,0,0 days,0.0
1982-02-02,32.28543,24.089813,4.0,-73.0,0,0 days,0.0
1982-02-03,33.4935,22.765076,4.0,-73.0,0,0 days,0.0
1982-02-04,32.129547,23.28653,4.0,-73.0,0,0 days,0.0
1982-02-05,30.080597,23.542175,4.0,-73.0,0,0 days,0.0
1982-02-06,31.306915,22.470428,4.0,-73.0,0,0 days,0.0
1982-02-07,31.935822,23.71811,4.0,-73.0,0,0 days,0.0
1982-02-08,31.432465,23.40097,4.0,-73.0,0,0 days,0.0
1982-02-09,30.472565,23.226288,4.0,-73.0,0,0 days,0.0
1982-02-10,31.299988,23.377136,4.0,-73.0,0,0 days,0.0
1982-02-11,29.312042,22.72638,4.0,-73.0,0,0 days,0.0
1982-02-12,32.01956,23.20639,4.0,-73.0,0,0 days,0.0
1982-02-13,32.546783,23.556915,4.0,-73.0,0,0 days,0.0
1982-02-14,32.75943,24.43686,4.0,-73.0,0,0 days,0.0
1982-02-15,33.63266,24.425446,4.0,-73.0,0,0 days,0.0
1982-02-16,33.601044,24.016449,4.0,-73.0,0,0 days,0.0
1982-02-17,34.37259,24.564545,4.0,-73.0,0,0 days,0.0
1982-02-18,34.07193,23.835175,4.0,-73.0,0,0 days,0.0
1982-02-19,33.436188,24.640472,4.0,-73.0,0,0 days,0.0
1982-02-20,32.676178,24.292816,4.0,-73.0,0,0 days,0.0
1982-02-21,32.512115,23.406494,4.0,-73.0,0,0 days,0.0
1982-02-22,33.652496,23.717224,4.0,-73.0,0,0 days,0.0
1982-02-23,35.0054,23.648468,4.0,-73.0,0,0 days,0.0
1982-02-24,32.82718,22.676971,4.0,-73.0,0,0 days,0.0
1982-02-25,31.064423,21.948578,4.0,-73.0,0,0 days,0.0
1982-02-26,31.55307,21.48944,4.0,-73.0,0,0 days,0.0
1982-02-27,32.7352,23.967224,4.0,-73.0,0,0 days,0.0
1982-02-28,34.395233,23.904633,4.0,-73.0,0,0 days,0.0
1982-03-01,33.06839,24.066498,4.0,-73.0,0,0 days,0.0
1982-03-02,34.93338,24.11435,4.0,-73.0,0,0 days,0.0
1982-03-03,35.49649,23.492645,4.0,-73.0,0,0 days,0.0
1982-03-04,35.29538,23.382599,4.0,-73.0,0,0 days,0.0
1982-03-05,34.560455,24.23526,4.0,-73.0,0,0 days,0.0
1982-03-06,35.901276,24.390411,4.0,-73.0,0,0 days,0.0
1982-03-07,37.467926,23.836945,4.0,-73.0,0,0 days,0.0
1982-03-08,37.10501,23.955719,4.0,-73.0,0,0 days,0.0
1982-03-09,35.529816,25.967804,4.0,-73.0,0,0 days,0.0
1982-03-10,33.13748,25.628998,4.0,-73.0,0,0 days,0.0
1982-03-11,34.797974,24.72696,4.0,-73.0,0,0 days,0.0
1982-03-12,32.98355,24.11026,4.0,-73.0,0,0 days,0.0
1982-03-13,31.360992,23.549469,4.0,-73.0,0,0 days,0.0
1982-03-14,31.878387,22.61258,4.0,-73.0,0,0 days,0.0
1982-03-15,34.415436,24.065308,4.0,-73.0,0,0 days,0.0
1982-03-16,34.49295,24.583496,4.0,-73.0,0,0 days,0.0
1982-03-17,35.214752,23.970673,4.0,-73.0,0,0 days,0.0
1982-03-18,31.52768,24.042328,4.0,-73.0,0,0 days,0.0
1982-03-19,31.760406,24.303375,4.0,-73.0,0,0 days,0.0
1982-03-20,29.650055,23.231964,4.0,-73.0,0,0 days,0.0
1982-03-21,28.778107,23.354492,4.0,-73.0,0,0 days,0.0
1982-03-22,30.49887,23.243866,4.0,-73.0,0,0 days,0.0
1982-03-23,30.527008,22.148468,4.0,-73.0,0,0 days,0.0
1982-03-24,29.677948,21.682983,4.0,-73.0,0,0 days,0.0
1982-03-25,31.11679,22.437378,4.0,-73.0,0,0 days,0.0
1982-03-26,30.230316,23.512482,4.0,-73.0,0,0 days,0.0
1982-03-27,33.34012,23.85019,4.0,-73.0,0,0 days,0.0
1982-03-28,32.663055,24.111908,4.0,-73.0,0,0 days,0.0
1982-03-29,27.97995,22.828064,4.0,-73.0,0,0 days,0.0
1982-03-30,30.814056,21.676239,4.0,-73.0,0,0 days,0.0
1982-03-31,27.262543,22.857544,4.0,-73.0,0,0 days,0.0
1982-04-01,30.407013,23.448578,4.0,-73.0,0,0 days,0.0
1982-04-02,29.900787,22.110931,4.0,-73.0,0,0 days,0.0
1982-04-03,29.682709,21.725891,4.0,-73.0,0,0 days,0.0
1982-04-04,27.509491,22.994568,4.0,-73.0,0,0 days,0.0
1982-04-05,29.305267,22.823822,4.0,-73.0,0,0 days,0.0
1982-04-06,26.491028,22.55191,4.0,-73.0,0,0 days,0.0
1982-04-07,27.703644,22.811737,4.0,-73.0,0,0 days,0.0
1982-04-08,27.261078,22.667603,4.0,-73.0,0,0 days,0.0
1982-04-09,26.925323,22.336884,4.0,-73.0,0,0 days,0.0
1982-04-10,28.529938,23.104767,4.0,-73.0,0,0 days,0.0
1982-04-11,32.848724,22.354218,4.0,-73.0,0,0 days,0.0
1982-04-12,30.678253,22.30838,4.0,-73.0,0,0 days,0.0
1982-04-13,30.836426,23.40329,4.0,-73.0,0,0 days,0.0
1982-04-14,32.895477,23.654633,4.0,-73.0,0,0 days,0.0
1982-04-15,30.57016,23.456207,4.0,-73.0,0,0 days,0.0
1982-04-16,30.325531,23.432953,4.0,-73.0,0,0 days,0.0
1982-04-17,29.106293,23.194763,4.0,-73.0,0,0 days,0.0
1982-04-18,29.214111,22.746735,4.0,-73.0,0,0 days,0.0
1982-04-19,28.076569,22.348785,4.0,-73.0,0,0 days,0.0
1982-04-20,28.529999,22.227264,4.0,-73.0,0,0 days,0.0
1982-04-21,27.593414,22.706268,4.0,-73.0,0,0 days,0.0
1982-04-22,29.676483,21.725616,4.0,-73.0,0,0 days,0.0
1982-04-23,29.123932,22.441315,4.0,-73.0,0,0 days,0.0
1982-04-24,28.537964,22.994537,4.0,-73.0,0,0 days,0.0
1982-04-25,28.473633,22.415955,4.0,-73.0,0,0 days,0.0
1982-04-26,26.551483,21.659332,4.0,-73.0,0,0 days,0.0
1982-04-27,31.263458,22.505524,4.0,-73.0,0,0 days,0.0
1982-04-28,28.231659,22.572845,4.0,-73.0,0,0 days,0.0
1982-04-29,30.538239,22.3732,4.0,-73.0,0,0 days,0.0
1982-04-30,26.9628,22.647614,4.0,-73.0,0,0 days,0.0
1982-05-01,30.216003,23.114319,4.0,-73.0,0,0 days,0.0
1982-05-02,29.677032,22.720184,4.0,-73.0,0,0 days,0.0
1982-05-03,31.709503,22.265808,4.0,-73.0,0,0 days,0.0
1982-05-04,30.760162,23.047272,4.0,-73.0,0,0 days,0.0
1982-05-05,29.923187,22.754639,4.0,-73.0,0,0 days,0.0
1982-05-06,29.994171,22.156616,4.0,-73.0,0,0 days,0.0
1982-05-07,29.512604,22.095276,4.0,-73.0,0,0 days,0.0
1982-05-08,28.043121,22.395905,4.0,-73.0,0,0 days,0.0
1982-05-09,30.689728,22.863403,4.0,-73.0,0,0 days,0.0
1982-05-10,31.238129,23.049713,4.0,-73.0,0,0 days,0.0
1982-05-11,30.850494,22.83142,4.0,-73.0,0,0 days,0.0
1982-05-12,31.993805,22.708801,4.0,-73.0,0,0 days,0.0
1982-05-13,30.51242,21.847565,4.0,-73.0,0,0 days,0.0
1982-05-14,29.491974,22.939117,4.0,-73.0,0,0 days,0.0
1982-05-15,29.032867,22.690063,4.0,-73.0,0,0 days,0.0
1982-05-16,28.978363,21.633942,4.0,-73.0,0,0 days,0.0
1982-05-17,30.174164,22.549408,4.0,-73.0,0,0 days,0.0
1982-05-18,29.823273,22.639404,4.0,-73.0,0,0 days,0.0
1982-05-19,28.078217,22.38797,4.0,-73.0,0,0 days,0.0
1982-05-20,29.558075,21.485565,4.0,-73.0,0,0 days,0.0
1982-05-21,27.658478,22.446014,4.0,-73.0,0,0 days,0.0
1982-05-22,28.594269,22.993011,4.0,-73.0,0,0 days,0.0
1982-05-23,27.351166,21.337616,4.0,-73.0,0,0 days,0.0
1982-05-24,29.3078,21.488892,4.0,-73.0,0,0 days,0.0
1982-05-25,29.857574,23.043823,4.0,-73.0,0,0 days,0.0
1982-05-26,25.847504,21.414612,4.0,-73.0,0,0 days,0.0
1982-05-27,29.704254,22.186005,4.0,-73.0,0,0 days,0.0
1982-05-28,26.578033,22.357239,4.0,-73.0,0,0 days,0.0
1982-05-29,25.423065,21.572906,4.0,-73.0,0,0 days,0.0
1982-05-30,27.119781,22.138275,4.0,-73.0,0,0 days,0.0
1982-05-31,27.367401,21.558197,4.0,-73.0,0,0 days,0.0
1982-06-01,29.277252,21.678131,4.0,-73.0,0,0 days,0.0
1982-06-02,28.772064,22.961212,4.0,-73.0,0,0 days,0.0
1982-06-03,29.767334,23.373505,4.0,-73.0,0,0 days,0.0
1982-06-04,29.792877,21.952423,4.0,-73.0,0,0 days,0.0
1982-06-05,30.054657,22.464813,4.0,-73.0,0,0 days,0.0
1982-06-06,30.701935,22.513336,4.0,-73.0,0,0 days,0.0
1982-06-07,26.108002,21.696014,4.0,-73.0,0,0 days,0.0
1982-06-08,29.368774,21.840973,4.0,-73.0,0,0 days,0.0
1982-06-09,28.39206,21.108002,4.0,-73.0,0,0 days,0.0
1982-06-10,28.586395,21.952362,4.0,-73.0,0,0 days,0.0
1982-06-11,30.02884,22.589111,4.0,-73.0,0,0 days,0.0
1982-06-12,27.532867,22.92627,4.0,-73.0,0,0 days,0.0
1982-06-13,29.299713,21.978607,4.0,-73.0,0,0 days,0.0
1982-06-14,28.557922,22.09433,4.0,-73.0,0,0 days,0.0
1982-06-15,28.856903,21.76358,4.0,-73.0,0,0 days,0.0
1982-06-16,27.639618,21.347015,4.0,-73.0,0,0 days,0.0
1982-06-17,27.553833,21.833588,4.0,-73.0,0,0 days,0.0
1982-06-18,25.279816,21.42395,4.0,-73.0,0,0 days,0.0
1982-06-19,29.894989,21.461212,4.0,-73.0,0,0 days,0.0
1982-06-20,27.402863,21.071869,4.0,-73.0,0,0 days,0.0
1982-06-21,27.751923,21.417633,4.0,-73.0,0,0 days,0.0
1982-06-22,29.366364,21.703674,4.0,-73.0,0,0 days,0.0
1982-06-23,28.840546,21.964508,4.0,-73.0,0,0 days,0.0
1982-06-24,28.20227,21.646149,4.0,-73.0,0,0 days,0.0
1982-06-25,29.590302,21.523346,4.0,-73.0,0,0 days,0.0
1982-06-26,29.30008,20.547424,4.0,-73.0,0,0 days,0.0
1982-06-27,26.0206,22.006989,4.0,-73.0,0,0 days,0.0
1982-06-28,28.69455,21.886932,4.0,-73.0,0,0 days,0.0
1982-06-29,27.397156,21.86023,4.0,-73.0,0,0 days,0.0
1982-06-30,26.879242,21.871613,4.0,-73.0,0,0 days,0.0
1982-07-01,27.569061,22.011353,4.0,-73.0,0,0 days,0.0
1982-07-02,26.296051,21.04132,4.0,-73.0,0,0 days,0.0
1982-07-03,26.697845,21.582611,4.0,-73.0,0,0 days,0.0
1982-07-04,27.143097,20.611755,4.0,-73.0,0,0 days,0.0
1982-07-05,28.808563,21.372711,4.0,-73.0,0,0 days,0.0
1982-07-06,29.406464,21.444,4.0,-73.0,0,0 days,0.0
1982-07-07,29.063263,21.811188,4.0,-73.0,0,0 days,0.0
1982-07-08,26.61264,20.580597,4.0,-73.0,0,0 days,0.0
1982-07-09,30.602814,20.459106,4.0,-73.0,0,0 days,0.0
1982-07-10,28.805573,21.41513,4.0,-73.0,0,0 days,0.0
1982-07-11,29.674286,21.801117,4.0,-73.0,0,0 days,0.0
1982-07-12,30.168976,21.748016,4.0,-73.0,0,0 days,0.0
1982-07-13,29.038605,21.172913,4.0,-73.0,0,0 days,0.0
1982-07-14,27.121674,22.093964,4.0,-73.0,0,0 days,0.0
1982-07-15,29.948883,21.158173,4.0,-73.0,0,0 days,0.0
1982-07-16,29.343292,21.436218,4.0,-73.0,0,0 days,0.0
1982-07-17,29.798462,20.815674,4.0,-73.0,0,0 days,0.0
1982-07-18,27.43277,21.881104,4.0,-73.0,0,0 days,0.0
1982-07-19,27.847412,21.176361,4.0,-73.0,0,0 days,0.0
1982-07-20,28.213776,20.31717,4.0,-73.0,0,0 days,0.0
1982-07-21,29.048859,19.894531,4.0,-73.0,0,0 days,0.0
1982-07-22,26.552734,20.889069,4.0,-73.0,0,0 days,0.0
1982-07-23,30.81546,21.64856,4.0,-73.0,0,0 days,0.0
1982-07-24,27.960175,21.690521,4.0,-73.0,0,0 days,0.0
1982-07-25,25.996246,21.153625,4.0,-73.0,0,0 days,0.0
1982-07-26,28.608124,20.716888,4.0,-73.0,0,0 days,0.0
1982-07-27,25.921356,20.45462,4.0,-73.0,0,0 days,0.0
1982-07-28,26.295258,21.298767,4.0,-73.0,0,0 days,0.0
1982-07-29,28.340607,21.18576,4.0,-73.0,0,0 days,0.0
1982-07-30,26.861359,21.484222,4.0,-73.0,0,0 days,0.0
1982-07-31,29.128082,21.205597,4.0,-73.0,0,0 days,0.0
1982-08-01,27.03238,19.77353,4.0,-73.0,0,0 days,0.0
1982-08-02,28.478546,21.0271,4.0,-73.0,0,0 days,0.0
1982-08-03,27.22757,20.725433,4.0,-73.0,0,0 days,0.0
1982-08-04,30.560638,22.179993,4.0,-73.0,0,0 days,0.0
1982-08-05,28.635345,20.49411,4.0,-73.0,0,0 days,0.0
1982-08-06,27.41977,21.095154,4.0,-73.0,0,0 days,0.0
1982-08-07,28.554413,20.628815,4.0,-73.0,0,0 days,0.0
1982-08-08,28.772095,21.404724,4.0,-73.0,0,0 days,0.0
1982-08-09,29.997223,20.365753,4.0,-73.0,0,0 days,0.0
1982-08-10,28.970673,21.266876,4.0,-73.0,0,0 days,0.0
1982-08-11,28.977448,21.14563,4.0,-73.0,0,0 days,0.0
1982-08-12,29.408295,22.640564,4.0,-73.0,0,0 days,0.0
1982-08-13,29.325287,21.430511,4.0,-73.0,0,0 days,0.0
1982-08-14,28.953674,21.528595,4.0,-73.0,0,0 days,0.0
1982-08-15,29.38559,20.509491,4.0,-73.0,0,0 days,0.0
1982-08-16,28.577179,21.784363,4.0,-73.0,0,0 days,0.0
1982-08-17,27.499634,20.404327,4.0,-73.0,0,0 days,0.0
1982-08-18,28.343903,20.845123,4.0,-73.0,0,0 days,0.0
1982-08-19,25.99582,21.79419,4.0,-73.0,0,0 days,0.0
1982-08-20,26.13272,21.157257,4.0,-73.0,0,0 days,0.0
1982-08-21,29.427643,20.918182,4.0,-73.0,0,0 days,0.0
1982-08-22,29.003967,22.196472,4.0,-73.0,0,0 days,0.0
1982-08-23,29.10315,21.856476,4.0,-73.0,0,0 days,0.0
1982-08-24,27.794037,21.62918,4.0,-73.0,0,0 days,0.0
1982-08-25,29.255829,21.466309,4.0,-73.0,0,0 days,0.0
1982-08-26,28.147858,20.437134,4.0,-73.0,0,0 days,0.0
1982-08-27,27.931976,22.095428,4.0,-73.0,0,0 days,0.0
1982-08-28,29.302338,21.99118,4.0,-73.0,0,0 days,0.0
1982-08-29,30.446991,22.353424,4.0,-73.0,0,0 days,0.0
1982-08-30,29.316193,22.43283,4.0,-73.0,0,0 days,0.0
1982-08-31,29.946564,21.499847,4.0,-73.0,0,0 days,0.0
1982-09-01,29.24826,21.302277,4.0,-73.0,0,0 days,0.0
1982-09-02,28.552673,22.5867,4.0,-73.0,0,0 days,0.0
1982-09-03,28.591217,22.478607,4.0,-73.0,0,0 days,0.0
1982-09-04,28.718658,22.019012,4.0,-73.0,0,0 days,0.0
1982-09-05,27.539764,22.485596,4.0,-73.0,0,0 days,0.0
1982-09-06,30.406708,21.618225,4.0,-73.0,0,0 days,0.0
1982-09-07,30.301788,21.825165,4.0,-73.0,0,0 days,0.0
1982-09-08,30.542389,20.922089,4.0,-73.0,0,0 days,0.0
1982-09-09,29.435822,22.088196,4.0,-73.0,0,0 days,0.0
1982-09-10,28.85904,22.570648,4.0,-73.0,0,0 days,0.0
1982-09-11,29.295166,22.88501,4.0,-73.0,0,0 days,0.0
1982-09-12,30.473022,22.745728,4.0,-73.0,0,0 days,0.0
1982-09-13,30.775543,22.049347,4.0,-73.0,0,0 days,0.0
1982-09-14,30.418121,22.460236,4.0,-73.0,0,0 days,0.0
1982-09-15,30.31366,21.43985,4.0,-73.0,0,0 days,0.0
1982-09-16,30.769989,23.17038,4.0,-73.0,0,0 days,0.0
1982-09-17,30.435455,22.577179,4.0,-73.0,0,0 days,0.0
1982-09-18,30.836212,22.45404,4.0,-73.0,0,0 days,0.0
1982-09-19,27.806122,22.890198,4.0,-73.0,0,0 days,0.0
1982-09-20,29.341583,22.70102,4.0,-73.0,0,0 days,0.0
1982-09-21,29.063599,21.692566,4.0,-73.0,0,0 days,0.0
1982-09-22,29.346527,21.949158,4.0,-73.0,0,0 days,0.0
1982-09-23,30.619598,20.528534,4.0,-73.0,0,0 days,0.0
1982-09-24,28.786896,21.071198,4.0,-73.0,0,0 days,0.0
1982-09-25,29.160248,21.646057,4.0,-73.0,0,0 days,0.0
1982-09-26,28.81723,21.09668,4.0,-73.0,0,0 days,0.0
1982-09-27,30.451843,21.579865,4.0,-73.0,0,0 days,0.0
1982-09-28,30.424591,21.37561,4.0,-73.0,0,0 days,0.0
1982-09-29,30.138458,22.48413,4.0,-73.0,0,0 days,0.0
1982-09-30,29.923187,21.48349,4.0,-73.0,0,0 days,0.0
1982-10-01,29.854645,21.932709,4.0,-73.0,0,0 days,0.0
1982-10-02,29.79953,20.949432,4.0,-73.0,0,0 days,0.0
1982-10-03,28.048004,21.848724,4.0,-73.0,0,0 days,0.0
1982-10-04,31.216736,21.871918,4.0,-73.0,0,0 days,0.0
1982-10-05,29.294708,22.582855,4.0,-73.0,0,0 days,0.0
1982-10-06,29.797028,22.38095,4.0,-73.0,0,0 days,0.0
1982-10-07,29.855927,21.787445,4.0,-73.0,0,0 days,0.0
1982-10-08,30.968842,21.859253,4.0,-73.0,0,0 days,0.0
1982-10-09,29.171051,22.45691,4.0,-73.0,0,0 days,0.0
1982-10-10,28.040253,22.695404,4.0,-73.0,0,0 days,0.0
1982-10-11,29.446442,22.4328,4.0,-73.0,0,0 days,0.0
1982-10-12,30.737854,22.053131,4.0,-73.0,0,0 days,0.0
1982-10-13,29.62027,22.287476,4.0,-73.0,0,0 days,0.0
1982-10-14,29.902374,22.292236,4.0,-73.0,0,0 days,0.0
1982-10-15,29.29422,22.033112,4.0,-73.0,0,0 days,0.0
1982-10-16,27.368256,20.913666,4.0,-73.0,0,0 days,0.0
1982-10-17,28.870514,21.717133,4.0,-73.0,0,0 days,0.0
1982-10-18,29.805206,22.685059,4.0,-73.0,0,0 days,0.0
1982-10-19,29.455841,22.575348,4.0,-73.0,0,0 days,0.0
1982-10-20,29.867432,22.319183,4.0,-73.0,0,0 days,0.0
1982-10-21,29.434906,21.890991,4.0,-73.0,0,0 days,0.0
1982-10-22,29.930695,22.11789,4.0,-73.0,0,0 days,0.0
1982-10-23,28.281616,22.58609,4.0,-73.0,0,0 days,0.0
1982-10-24,29.631592,22.867493,4.0,-73.0,0,0 days,0.0
1982-10-25,29.185577,22.70694,4.0,-73.0,0,0 days,0.0
1982-10-26,29.193268,21.972443,4.0,-73.0,0,0 days,0.0
1982-10-27,28.29654,20.319977,4.0,-73.0,0,0 days,0.0
1982-10-28,28.590088,21.513733,4.0,-73.0,0,0 days,0.0
1982-10-29,29.27298,21.607635,4.0,-73.0,0,0 days,0.0
1982-10-30,29.720184,22.072418,4.0,-73.0,0,0 days,0.0
1982-10-31,29.92099,22.005829,4.0,-73.0,0,0 days,0.0
1982-11-01,28.94107,22.32425,4.0,-73.0,0,0 days,0.0
1982-11-02,30.598236,22.707153,4.0,-73.0,0,0 days,0.0
1982-11-03,30.08487,22.397614,4.0,-73.0,0,0 days,0.0
1982-11-04,30.12033,22.761078,4.0,-73.0,0,0 days,0.0
1982-11-05,30.930023,23.044647,4.0,-73.0,0,0 days,0.0
1982-11-06,29.951569,22.774628,4.0,-73.0,0,0 days,0.0
1982-11-07,32.082,23.354492,4.0,-73.0,0,0 days,0.0
1982-11-08,31.165192,22.456024,4.0,-73.0,0,0 days,0.0
1982-11-09,30.501373,20.79367,4.0,-73.0,0,0 days,0.0
1982-11-10,29.835175,22.299103,4.0,-73.0,0,0 days,0.0
1982-11-11,29.557281,23.163391,4.0,-73.0,0,0 days,0.0
1982-11-12,30.565826,22.777435,4.0,-73.0,0,0 days,0.0
1982-11-13,32.568817,21.810638,4.0,-73.0,0,0 days,0.0
1982-11-14,30.527557,22.443085,4.0,-73.0,0,0 days,0.0
1982-11-15,28.844147,22.518646,4.0,-73.0,0,0 days,0.0
1982-11-16,30.06845,22.670166,4.0,-73.0,0,0 days,0.0
1982-11-17,29.43576,22.065552,4.0,-73.0,0,0 days,0.0
1982-11-18,29.326324,22.502136,4.0,-73.0,0,0 days,0.0
1982-11-19,30.366516,22.704254,4.0,-73.0,0,0 days,0.0
1982-11-20,30.283295,22.175201,4.0,-73.0,0,0 days,0.0
1982-11-21,30.937897,23.13321,4.0,-73.0,0,0 days,0.0
1982-11-22,29.458832,22.676117,4.0,-73.0,0,0 days,0.0
1982-11-23,29.91983,22.349304,4.0,-73.0,0,0 days,0.0
1982-11-24,30.683807,22.318146,4.0,-73.0,0,0 days,0.0
1982-11-25,29.820587,21.999146,4.0,-73.0,0,0 days,0.0
1982-11-26,31.197113,21.27472,4.0,-73.0,0,0 days,0.0
1982-11-27,31.388306,21.87674,4.0,-73.0,0,0 days,0.0
1982-11-28,31.726685,23.009796,4.0,-73.0,0,0 days,0.0
1982-11-29,30.425323,22.104828,4.0,-73.0,0,0 days,0.0
1982-11-30,31.071442,23.140167,4.0,-73.0,0,0 days,0.0
1982-12-01,28.573456,21.651154,4.0,-73.0,0,0 days,0.0
1982-12-02,30.385529,22.741455,4.0,-73.0,0,0 days,0.0
1982-12-03,30.3638,20.810516,4.0,-73.0,0,0 days,0.0
1982-12-04,28.486084,21.92566,4.0,-73.0,0,0 days,0.0
1982-12-05,29.874847,22.430481,4.0,-73.0,0,0 days,0.0
1982-12-06,31.626678,23.773834,4.0,-73.0,0,0 days,0.0
1982-12-07,31.119537,21.995209,4.0,-73.0,0,0 days,0.0
1982-12-08,29.73825,23.215149,4.0,-73.0,0,0 days,0.0
1982-12-09,29.399506,22.747742,4.0,-73.0,0,0 days,0.0
1982-12-10,28.07486,22.663483,4.0,-73.0,0,0 days,0.0
1982-12-11,29.572784,22.771149,4.0,-73.0,0,0 days,0.0
1982-12-12,29.556183,21.456787,4.0,-73.0,0,0 days,0.0
1982-12-13,29.832794,22.284332,4.0,-73.0,0,0 days,0.0
1982-12-14,29.693329,22.514801,4.0,-73.0,0,0 days,0.0
1982-12-15,32.026703,21.333557,4.0,-73.0,0,0 days,0.0
1982-12-16,31.85791,22.256897,4.0,-73.0,0,0 days,0.0
1982-12-17,31.120605,23.664612,4.0,-73.0,0,0 days,0.0
1982-12-18,31.050995,22.76117,4.0,-73.0,0,0 days,0.0
1982-12-19,31.488312,22.521332,4.0,-73.0,0,0 days,0.0
1982-12-20,31.906555,22.991089,4.0,-73.0,0,0 days,0.0
1982-12-21,29.958527,22.133911,4.0,-73.0,0,0 days,0.0
1982-12-22,30.188934,21.98581,4.0,-73.0,0,0 days,0.0
1982-12-23,31.791107,23.645355,4.0,-73.0,0,0 days,0.0
1982-12-24,32.607697,23.146576,4.0,-73.0,0,0 days,0.0
1982-12-25,30.697021,21.748993,4.0,-73.0,0,0 days,0.0
1982-12-26,30.857819,21.093414,4.0,-73.0,0,0 days,0.0
1982-12-27,29.105804,22.757172,4.0,-73.0,0,0 days,0.0
1982-12-28,29.779022,22.339264,4.0,-73.0,0,0 days,0.0
1982-12-29,27.74707,21.963837,4.0,-73.0,0,0 days,0.0
1982-12-30,29.082733,21.915314,4.0,-73.0,0,0 days,0.0
1982-12-31,32.156464,21.839813,4.0,-73.0,0,0 days,0.0
1983-01-01,32.068634,21.301178,4.0,-73.0,0,0 days,0.0
1983-01-02,29.340057,22.670776,4.0,-73.0,0,0 days,0.0
1983-01-03,31.532013,23.555359,4.0,-73.0,0,0 days,0.0
1983-01-04,30.717438,23.559418,4.0,-73.0,0,0 days,0.0
1983-01-05,28.604645,23.589844,4.0,-73.0,0,0 days,0.0
1983-01-06,29.9393,21.607208,4.0,-73.0,0,0 days,0.0
1983-01-07,30.787567,23.316559,4.0,-73.0,0,0 days,0.0
1983-01-08,31.120514,21.830933,4.0,-73.0,0,0 days,0.0
1983-01-09,31.3013,22.953033,4.0,-73.0,0,0 days,0.0
1983-01-10,30.775543,24.042542,4.0,-73.0,0,0 days,0.0
1983-01-11,30.885284,23.462006,4.0,-73.0,0,0 days,0.0
1983-01-12,31.595123,23.199677,4.0,-73.0,0,0 days,0.0
1983-01-13,32.51883,22.691925,4.0,-73.0,0,0 days,0.0
1983-01-14,31.28244,23.5578,4.0,-73.0,0,0 days,0.0
1983-01-15,31.992035,21.727448,4.0,-73.0,0,0 days,0.0
1983-01-16,32.066864,22.286377,4.0,-73.0,0,0 days,0.0
1983-01-17,32.39914,22.513458,4.0,-73.0,0,0 days,0.0
1983-01-18,32.261078,21.588135,4.0,-73.0,0,0 days,0.0
1983-01-19,32.080902,24.869171,4.0,-73.0,0,0 days,0.0
1983-01-20,31.63205,23.619476,4.0,-73.0,0,0 days,0.0
1983-01-21,34.70273,23.236816,4.0,-73.0,0,0 days,0.0
1983-01-22,35.547516,25.053131,4.0,-73.0,0,0 days,0.0
1983-01-23,35.356537,25.370514,4.0,-73.0,0,0 days,0.0
1983-01-24,34.572052,24.446869,4.0,-73.0,0,0 days,0.0
1983-01-25,34.321594,24.166473,4.0,-73.0,0,0 days,0.0
1983-01-26,34.80197,25.169647,4.0,-73.0,0,0 days,0.0
1983-01-27,34.420868,23.749603,4.0,-73.0,0,0 days,0.0
1983-01-28,35.020203,24.489655,4.0,-73.0,0,0 days,0.0
1983-01-29,34.951904,23.3432,4.0,-73.0,0,0 days,0.0
1983-01-30,34.80191,23.755402,4.0,-73.0,0,0 days,0.0
1983-01-31,35.067505,23.584137,4.0,-73.0,0,0 days,0.0
1983-02-01,34.730804,24.856506,4.0,-73.0,0,0 days,0.0
1983-02-02,34.11383,25.141083,4.0,-73.0,0,0 days,0.0
1983-02-03,32.97888,24.698334,4.0,-73.0,0,0 days,0.0
1983-02-04,34.01413,25.539612,4.0,-73.0,0,0 days,0.0
1983-02-05,33.634064,24.656036,4.0,-73.0,0,0 days,0.0
1983-02-06,33.499817,24.853912,4.0,-73.0,0,0 days,0.0
1983-02-07,34.85211,23.11438,4.0,-73.0,0,0 days,0.0
1983-02-08,35.59494,24.485992,4.0,-73.0,0,0 days,0.0
1983-02-09,35.48523,22.939331,4.0,-73.0,0,0 days,0.0
1983-02-10,35.82068,24.698944,4.0,-73.0,0,0 days,0.0
1983-02-11,34.67099,23.3992,4.0,-73.0,0,0 days,0.0
1983-02-12,35.56952,23.127502,4.0,-73.0,0,0 days,0.0
1983-02-13,37.168365,23.249481,4.0,-73.0,0,0 days,0.0
1983-02-14,35.397552,24.581207,4.0,-73.0,0,0 days,0.0
1983-02-15,35.263336,24.74405,4.0,-73.0,0,0 days,0.0
1983-02-16,37.998016,24.463226,4.0,-73.0,0,0 days,0.0
1983-02-17,36.496185,23.811157,4.0,-73.0,0,0 days,0.0
1983-02-18,34.22159,24.581268,4.0,-73.0,0,0 days,0.0
1983-02-19,32.572235,23.703247,4.0,-73.0,0,0 days,0.0
1983-02-20,32.102325,23.325958,4.0,-73.0,0,0 days,0.0
1983-02-21,29.583405,23.318909,4.0,-73.0,0,0 days,0.0
1983-02-22,32.46982,22.677399,4.0,-73.0,0,0 days,0.0
1983-02-23,31.165802,22.437286,4.0,-73.0,0,0 days,0.0
1983-02-24,30.703156,22.493378,4.0,-73.0,0,0 days,0.0
1983-02-25,28.960052,23.059845,4.0,-73.0,0,0 days,0.0
1983-02-26,32.15576,23.62793,4.0,-73.0,0,0 days,0.0
1983-02-27,33.49344,24.264954,4.0,-73.0,0,0 days,0.0
1983-02-28,30.39914,23.514526,4.0,-73.0,0,0 days,0.0
1983-03-01,31.078705,22.972046,4.0,-73.0,0,0 days,0.0
1983-03-02,32.9086,24.33548,4.0,-73.0,0,0 days,0.0
1983-03-03,33.16696,24.788788,4.0,-73.0,0,0 days,0.0
1983-03-04,32.648132,24.881714,4.0,-73.0,0,0 days,0.0
1983-03-05,31.864594,22.813263,4.0,-73.0,0,0 days,0.0
1983-03-06,33.308258,23.610382,4.0,-73.0,0,0 days,0.0
1983-03-07,33.58786,23.636932,4.0,-73.0,0,0 days,0.0
1983-03-08,34.03485,22.730682,4.0,-73.0,0,0 days,0.0
1983-03-09,33.77545,23.526184,4.0,-73.0,0,0 days,0.0
1983-03-10,33.13336,24.322418,4.0,-73.0,0,0 days,0.0
1983-03-11,33.521515,24.421967,4.0,-73.0,0,0 days,0.0
1983-03-12,32.980927,24.451263,4.0,-73.0,0,0 days,0.0
1983-03-13,33.319244,22.656189,4.0,-73.0,0,0 days,0.0
1983-03-14,25.179108,22.4982,4.0,-73.0,0,0 days,0.0
1983-03-15,30.809967,22.649078,4.0,-73.0,0,0 days,0.0
1983-03-16,32.569183,24.081726,4.0,-73.0,0,0 days,0.0
1983-03-17,33.26364,23.34317,4.0,-73.0,0,0 days,0.0
1983-03-18,35.24585,23.07016,4.0,-73.0,0,0 days,0.0
1983-03-19,32.554413,25.689484,4.0,-73.0,0,0 days,0.0
1983-03-20,32.260834,23.63095,4.0,-73.0,0,0 days,0.0
1983-03-21,29.088287,22.928955,4.0,-73.0,0,0 days,0.0
1983-03-22,32.5242,22.862213,4.0,-73.0,0,0 days,0.0
1983-03-23,30.770416,23.032898,4.0,-73.0,0,0 days,0.0
1983-03-24,29.194183,21.393433,4.0,-73.0,0,0 days,0.0
1983-03-25,31.431122,22.376343,4.0,-73.0,0,0 days,0.0
1983-03-26,32.498444,24.112762,4.0,-73.0,0,0 days,0.0
1983-03-27,29.954071,23.819489,4.0,-73.0,0,0 days,0.0
1983-03-28,32.26657,23.322266,4.0,-73.0,0,0 days,0.0
1983-03-29,33.16217,22.871887,4.0,-73.0,0,0 days,0.0
1983-03-30,33.218323,21.810486,4.0,-73.0,0,0 days,0.0
1983-03-31,33.423126,20.992157,4.0,-73.0,0,0 days,0.0
1983-04-01,32.34549,22.41513,4.0,-73.0,0,0 days,0.0
1983-04-02,31.426666,23.936798,4.0,-73.0,0,0 days,0.0
1983-04-03,30.8685,22.755981,4.0,-73.0,0,0 days,0.0
1983-04-04,32.085968,22.486603,4.0,-73.0,0,0 days,0.0
1983-04-05,29.128632,22.15628,4.0,-73.0,0,0 days,0.0
1983-04-06,31.78714,22.548004,4.0,-73.0,0,0 days,0.0
1983-04-07,29.718048,22.871948,4.0,-73.0,0,0 days,0.0
1983-04-08,26.766815,22.631165,4.0,-73.0,0,0 days,0.0
1983-04-09,28.370087,23.891052,4.0,-73.0,0,0 days,0.0
1983-04-10,28.718323,23.46817,4.0,-73.0,0,0 days,0.0
1983-04-11,29.536133,22.839935,4.0,-73.0,0,0 days,0.0
1983-04-12,32.169342,23.787384,4.0,-73.0,0,0 days,0.0
1983-04-13,30.009674,23.158356,4.0,-73.0,0,0 days,0.0
1983-04-14,29.444122,23.755829,4.0,-73.0,0,0 days,0.0
1983-04-15,31.349518,22.75827,4.0,-73.0,0,0 days,0.0
1983-04-16,31.241486,22.96933,4.0,-73.0,0,0 days,0.0
1983-04-17,31.174164,22.778717,4.0,-73.0,0,0 days,0.0
1983-04-18,30.18283,23.259094,4.0,-73.0,0,0 days,0.0
1983-04-19,30.918732,23.60791,4.0,-73.0,0,0 days,0.0
1983-04-20,32.264557,24.189331,4.0,-73.0,0,0 days,0.0
1983-04-21,27.178558,23.013641,4.0,-73.0,0,0 days,0.0
1983-04-22,31.676117,21.588318,4.0,-73.0,0,0 days,0.0
1983-04-23,31.700165,21.37735,4.0,-73.0,0,0 days,0.0
1983-04-24,29.759064,23.244598,4.0,-73.0,0,0 days,0.0
1983-04-25,31.58017,23.234161,4.0,-73.0,0,0 days,0.0
1983-04-26,29.41507,23.811249,4.0,-73.0,0,0 days,0.0
1983-04-27,30.119171,22.85379,4.0,-73.0,0,0 days,0.0
1983-04-28,31.185394,23.647614,4.0,-73.0,0,0 days,0.0
1983-04-29,31.886505,23.09909,4.0,-73.0,0,0 days,0.0
1983-04-30,29.959076,23.42212,4.0,-73.0,0,0 days,0.0
1983-05-01,30.893555,23.346497,4.0,-73.0,0,0 days,0.0
1983-05-02,30.903534,23.666779,4.0,-73.0,0,0 days,0.0
1983-05-03,32.518158,23.159485,4.0,-73.0,0,0 days,0.0
1983-05-04,30.911469,22.165375,4.0,-73.0,0,0 days,0.0
1983-05-05,32.01718,23.12143,4.0,-73.0,0,0 days,0.0
1983-05-06,31.256134,22.919495,4.0,-73.0,0,0 days,0.0
1983-05-07,28.889069,23.281494,4.0,-73.0,0,0 days,0.0
1983-05-08,32.255157,22.35733,4.0,-73.0,0,0 days,0.0
1983-05-09,30.087372,21.786224,4.0,-73.0,0,0 days,0.0
1983-05-10,28.855377,23.551392,4.0,-73.0,0,0 days,0.0
1983-05-11,28.421417,23.948273,4.0,-73.0,0,0 days,0.0
1983-05-12,30.034302,22.420135,4.0,-73.0,0,0 days,0.0
1983-05-13,31.264465,23.69165,4.0,-73.0,0,0 days,0.0
1983-05-14,30.648407,22.436798,4.0,-73.0,0,0 days,0.0
1983-05-15,31.285065,22.749298,4.0,-73.0,0,0 days,0.0
1983-05-16,29.292542,23.546112,4.0,-73.0,0,0 days,0.0
1983-05-17,31.816193,23.56601,4.0,-73.0,0,0 days,0.0
1983-05-18,29.18155,23.475891,4.0,-73.0,0,0 days,0.0
1983-05-19,29.19986,23.526367,4.0,-73.0,0,0 days,0.0
1983-05-20,29.249786,23.995087,4.0,-73.0,0,0 days,0.0
1983-05-21,28.793365,23.38144,4.0,-73.0,0,0 days,0.0
1983-05-22,30.491302,23.128418,4.0,-73.0,0,0 days,0.0
1983-05-23,31.273987,23.377838,4.0,-73.0,0,0 days,0.0
1983-05-24,29.847046,23.279114,4.0,-73.0,0,0 days,0.0
1983-05-25,30.915619,23.348083,4.0,-73.0,0,0 days,0.0
1983-05-26,30.511993,23.778992,4.0,-73.0,0,0 days,0.0
1983-05-27,30.480743,23.240051,4.0,-73.0,0,0 days,0.0
1983-05-28,29.943878,23.68042,4.0,-73.0,0,0 days,0.0
1983-05-29,28.258392,23.280304,4.0,-73.0,0,0 days,0.0
1983-05-30,30.720703,23.598145,4.0,-73.0,0,0 days,0.0
1983-05-31,31.272705,22.115784,4.0,-73.0,0,0 days,0.0
1983-06-01,25.753387,23.025055,4.0,-73.0,0,0 days,0.0
1983-06-02,30.12973,22.883453,4.0,-73.0,0,0 days,0.0
1983-06-03,28.703827,22.763214,4.0,-73.0,0,0 days,0.0
1983-06-04,27.347534,22.591888,4.0,-73.0,0,0 days,0.0
1983-06-05,28.118134,22.757172,4.0,-73.0,0,0 days,0.0
1983-06-06,28.169525,21.465912,4.0,-73.0,0,0 days,0.0
1983-06-07,28.169647,21.041962,4.0,-73.0,0,0 days,0.0
1983-06-08,29.602448,22.572174,4.0,-73.0,0,0 days,0.0
1983-06-09,30.968048,21.950134,4.0,-73.0,0,0 days,0.0
1983-06-10,28.418,22.16687,4.0,-73.0,0,0 days,0.0
1983-06-11,28.621674,22.74472,4.0,-73.0,0,0 days,0.0
1983-06-12,30.77069,21.505707,4.0,-73.0,0,0 days,0.0
1983-06-13,31.10141,22.668488,4.0,-73.0,0,0 days,0.0
1983-06-14,28.563446,22.45462,4.0,-73.0,0,0 days,0.0
1983-06-15,27.840057,23.25061,4.0,-73.0,0,0 days,0.0
1983-06-16,29.364716,22.425507,4.0,-73.0,0,0 days,0.0
1983-06-17,27.233337,22.242767,4.0,-73.0,0,0 days,0.0
1983-06-18,29.529022,20.6846,4.0,-73.0,0,0 days,0.0
1983-06-19,29.235107,21.53833,4.0,-73.0,0,0 days,0.0
1983-06-20,29.012115,23.026642,4.0,-73.0,0,0 days,0.0
1983-06-21,28.081146,22.785309,4.0,-73.0,0,0 days,0.0
1983-06-22,29.79953,22.165405,4.0,-73.0,0,0 days,0.0
1983-06-23,29.144806,21.814972,4.0,-73.0,0,0 days,0.0
1983-06-24,30.235016,22.55655,4.0,-73.0,0,0 days,0.0
1983-06-25,28.791107,20.343048,4.0,-73.0,0,0 days,0.0
1983-06-26,29.486237,21.693085,4.0,-73.0,0,0 days,0.0
1983-06-27,30.211395,22.28891,4.0,-73.0,0,0 days,0.0
1983-06-28,27.21988,21.828888,4.0,-73.0,0,0 days,0.0
1983-06-29,23.616547,21.337677,4.0,-73.0,0,0 days,0.0
1983-06-30,28.269836,20.579681,4.0,-73.0,0,0 days,0.0
1983-07-01,28.77243,21.73642,4.0,-73.0,0,0 days,0.0
1983-07-02,30.889679,22.007416,4.0,-73.0,0,0 days,0.0
1983-07-03,29.840973,21.879242,4.0,-73.0,0,0 days,0.0
1983-07-04,27.989105,22.268005,4.0,-73.0,0,0 days,0.0
1983-07-05,29.503357,21.68039,4.0,-73.0,0,0 days,0.0
1983-07-06,29.929565,21.787903,4.0,-73.0,0,0 days,0.0
1983-07-07,31.14029,22.28128,4.0,-73.0,0,0 days,0.0
1983-07-08,26.933624,22.903778,4.0,-73.0,0,0 days,0.0
1983-07-09,28.902191,22.216705,4.0,-73.0,0,0 days,0.0
1983-07-10,29.961395,21.867432,4.0,-73.0,0,0 days,0.0
1983-07-11,30.167389,22.70108,4.0,-73.0,0,0 days,0.0
1983-07-12,30.14975,22.415253,4.0,-73.0,0,0 days,0.0
1983-07-13,30.368256,21.483673,4.0,-73.0,0,0 days,0.0
1983-07-14,29.724274,21.587982,4.0,-73.0,0,0 days,0.0
1983-07-15,26.8497,21.533356,4.0,-73.0,0,0 days,0.0
1983-07-16,28.830475,21.80185,4.0,-73.0,0,0 days,0.0
1983-07-17,28.440094,22.073242,4.0,-73.0,0,0 days,0.0
1983-07-18,27.722382,22.074402,4.0,-73.0,0,0 days,0.0
1983-07-19,27.318817,21.6745,4.0,-73.0,0,0 days,0.0
1983-07-20,24.364105,22.02246,4.0,-73.0,0,0 days,0.0
1983-07-21,27.436127,21.564545,4.0,-73.0,0,0 days,0.0
1983-07-22,27.351105,22.12497,4.0,-73.0,0,0 days,0.0
1983-07-23,27.73648,21.573822,4.0,-73.0,0,0 days,0.0
1983-07-24,29.211395,21.867218,4.0,-73.0,0,0 days,0.0
1983-07-25,29.187225,21.865967,4.0,-73.0,0,0 days,0.0
1983-07-26,28.624115,21.394012,4.0,-73.0,0,0 days,0.0
1983-07-27,28.958496,21.917358,4.0,-73.0,0,0 days,0.0
1983-07-28,28.76828,22.25235,4.0,-73.0,0,0 days,0.0
1983-07-29,29.261627,21.83313,4.0,-73.0,0,0 days,0.0
1983-07-30,26.68927,21.985687,4.0,-73.0,0,0 days,0.0
1983-07-31,26.618439,21.796417,4.0,-73.0,0,0 days,0.0
1983-08-01,28.265594,22.19046,4.0,-73.0,0,0 days,0.0
1983-08-02,28.55716,22.48349,4.0,-73.0,0,0 days,0.0
1983-08-03,28.233612,22.30774,4.0,-73.0,0,0 days,0.0
1983-08-04,27.64096,21.837189,4.0,-73.0,0,0 days,0.0
1983-08-05,27.61316,21.540985,4.0,-73.0,0,0 days,0.0
1983-08-06,28.60379,22.024353,4.0,-73.0,0,0 days,0.0
1983-08-07,26.19516,21.62564,4.0,-73.0,0,0 days,0.0
1983-08-08,29.645874,21.032928,4.0,-73.0,0,0 days,0.0
1983-08-09,28.577179,21.940155,4.0,-73.0,0,0 days,0.0
1983-08-10,29.29248,21.593536,4.0,-73.0,0,0 days,0.0
1983-08-11,28.965576,22.078339,4.0,-73.0,0,0 days,0.0
1983-08-12,29.407501,22.106781,4.0,-73.0,0,0 days,0.0
1983-08-13,30.546051,22.522125,4.0,-73.0,0,0 days,0.0
1983-08-14,30.852753,22.276642,4.0,-73.0,0,0 days,0.0
1983-08-15,29.507812,22.805145,4.0,-73.0,0,0 days,0.0
1983-08-16,29.342804,22.09317,4.0,-73.0,0,0 days,0.0
1983-08-17,29.754639,22.106659,4.0,-73.0,0,0 days,0.0
1983-08-18,29.973663,22.26587,4.0,-73.0,0,0 days,0.0
1983-08-19,29.750397,21.801117,4.0,-73.0,0,0 days,0.0
1983-08-20,28.597076,20.541504,4.0,-73.0,0,0 days,0.0
1983-08-21,28.729095,22.554413,4.0,-73.0,0,0 days,0.0
1983-08-22,28.071014,22.59616,4.0,-73.0,0,0 days,0.0
1983-08-23,28.971954,22.27887,4.0,-73.0,0,0 days,0.0
1983-08-24,29.294525,21.856934,4.0,-73.0,0,0 days,0.0
1983-08-25,29.628662,21.212006,4.0,-73.0,0,0 days,0.0
1983-08-26,29.594025,21.925446,4.0,-73.0,0,0 days,0.0
1983-08-27,30.311554,21.580933,4.0,-73.0,0,0 days,0.0
1983-08-28,27.1893,22.483978,4.0,-73.0,0,0 days,0.0
1983-08-29,29.063324,21.762787,4.0,-73.0,0,0 days,0.0
1983-08-30,29.621918,22.529755,4.0,-73.0,0,0 days,0.0
1983-08-31,31.083008,21.896484,4.0,-73.0,0,0 days,0.0
1983-09-01,30.314178,22.88977,4.0,-73.0,0,0 days,0.0
1983-09-02,28.683746,22.35379,4.0,-73.0,0,0 days,0.0
1983-09-03,30.075714,21.776855,4.0,-73.0,0,0 days,0.0
1983-09-04,26.673157,20.58496,4.0,-73.0,0,0 days,0.0
1983-09-05,29.193756,21.565552,4.0,-73.0,0,0 days,0.0
1983-09-06,29.07602,22.918549,4.0,-73.0,0,0 days,0.0
1983-09-07,30.100098,22.544952,4.0,-73.0,0,0 days,0.0
1983-09-08,28.163391,21.997253,4.0,-73.0,0,0 days,0.0
1983-09-09,28.754303,22.412811,4.0,-73.0,0,0 days,0.0
1983-09-10,27.760529,21.175293,4.0,-73.0,0,0 days,0.0
1983-09-11,29.872223,20.620789,4.0,-73.0,0,0 days,0.0
1983-09-12,28.953339,21.751495,4.0,-73.0,0,0 days,0.0
1983-09-13,27.379974,21.929749,4.0,-73.0,0,0 days,0.0
1983-09-14,29.4646,21.415497,4.0,-73.0,0,0 days,0.0
1983-09-15,29.196686,22.38385,4.0,-73.0,0,0 days,0.0
1983-09-16,28.364868,22.071625,4.0,-73.0,0,0 days,0.0
1983-09-17,29.487885,22.170807,4.0,-73.0,0,0 days,0.0
1983-09-18,30.673187,22.196838,4.0,-73.0,0,0 days,0.0
1983-09-19,28.814362,22.64981,4.0,-73.0,0,0 days,0.0
1983-09-20,29.086761,21.27893,4.0,-73.0,0,0 days,0.0
1983-09-21,29.790314,21.660675,4.0,-73.0,0,0 days,0.0
1983-09-22,29.185608,21.733856,4.0,-73.0,0,0 days,0.0
1983-09-23,30.25711,20.713837,4.0,-73.0,0,0 days,0.0
1983-09-24,29.158691,22.292694,4.0,-73.0,0,0 days,0.0
1983-09-25,31.956573,23.093689,4.0,-73.0,0,0 days,0.0
1983-09-26,30.981903,21.972046,4.0,-73.0,0,0 days,0.0
1983-09-27,30.220673,22.444763,4.0,-73.0,0,0 days,0.0
1983-09-28,30.381561,22.91043,4.0,-73.0,0,0 days,0.0
1983-09-29,30.820648,23.337433,4.0,-73.0,0,0 days,0.0
1983-09-30,29.473297,22.632172,4.0,-73.0,0,0 days,0.0
1983-10-01,29.372955,21.556885,4.0,-73.0,0,0 days,0.0
1983-10-02,28.02707,21.980988,4.0,-73.0,0,0 days,0.0
1983-10-03,25.150787,22.260529,4.0,-73.0,0,0 days,0.0
1983-10-04,27.819672,21.349152,4.0,-73.0,0,0 days,0.0
1983-10-05,28.262024,22.027039,4.0,-73.0,0,0 days,0.0
1983-10-06,30.37143,22.243713,4.0,-73.0,0,0 days,0.0
1983-10-07,29.640076,20.378601,4.0,-73.0,0,0 days,0.0
1983-10-08,29.167633,22.13498,4.0,-73.0,0,0 days,0.0
1983-10-09,29.623322,20.154053,4.0,-73.0,0,0 days,0.0
1983-10-10,30.780426,22.036163,4.0,-73.0,0,0 days,0.0
1983-10-11,29.497894,21.696594,4.0,-73.0,0,0 days,0.0
1983-10-12,29.677094,22.083344,4.0,-73.0,0,0 days,0.0
1983-10-13,30.258392,22.17978,4.0,-73.0,0,0 days,0.0
1983-10-14,30.87143,22.150116,4.0,-73.0,0,0 days,0.0
1983-10-15,30.417877,20.872345,4.0,-73.0,0,0 days,0.0
1983-10-16,28.485931,22.542236,4.0,-73.0,0,0 days,0.0
1983-10-17,30.238373,22.510223,4.0,-73.0,0,0 days,0.0
1983-10-18,31.335205,20.538818,4.0,-73.0,0,0 days,0.0
1983-10-19,29.452362,21.770966,4.0,-73.0,0,0 days,0.0
1983-10-20,28.756866,21.561157,4.0,-73.0,0,0 days,0.0
1983-10-21,29.267303,21.751434,4.0,-73.0,0,0 days,0.0
1983-10-22,30.982483,22.796875,4.0,-73.0,0,0 days,0.0
1983-10-23,29.387726,22.885803,4.0,-73.0,0,0 days,0.0
1983-10-24,29.569,22.804169,4.0,-73.0,0,0 days,0.0
1983-10-25,27.464447,21.89206,4.0,-73.0,0,0 days,0.0
1983-10-26,29.698822,21.909332,4.0,-73.0,0,0 days,0.0
1983-10-27,29.65863,22.33603,4.0,-73.0,0,0 days,0.0
1983-10-28,28.860413,22.18927,4.0,-73.0,0,0 days,0.0
1983-10-29,27.910614,21.602875,4.0,-73.0,0,0 days,0.0
1983-10-30,28.258331,21.777863,4.0,-73.0,0,0 days,0.0
1983-10-31,29.407196,22.678894,4.0,-73.0,0,0 days,0.0
1983-11-01,28.49588,22.489838,4.0,-73.0,0,0 days,0.0
1983-11-02,31.0253,22.17389,4.0,-73.0,0,0 days,0.0
1983-11-03,29.42868,22.038666,4.0,-73.0,0,0 days,0.0
1983-11-04,31.099152,22.502808,4.0,-73.0,0,0 days,0.0
1983-11-05,31.411102,22.207855,4.0,-73.0,0,0 days,0.0
1983-11-06,30.987701,23.009766,4.0,-73.0,0,0 days,0.0
1983-11-07,32.169098,22.311188,4.0,-73.0,0,0 days,0.0
1983-11-08,31.170685,22.430786,4.0,-73.0,0,0 days,0.0
1983-11-09,30.644745,22.039948,4.0,-73.0,0,0 days,0.0
1983-11-10,30.684753,22.641876,4.0,-73.0,0,0 days,0.0
1983-11-11,29.011078,22.517822,4.0,-73.0,0,0 days,0.0
1983-11-12,30.891174,22.473083,4.0,-73.0,0,0 days,0.0
1983-11-13,31.904144,22.845734,4.0,-73.0,0,0 days,0.0
1983-11-14,32.197845,22.078033,4.0,-73.0,0,0 days,0.0
1983-11-15,31.364899,22.802155,4.0,-73.0,0,0 days,0.0
1983-11-16,29.592499,22.101776,4.0,-73.0,0,0 days,0.0
1983-11-17,29.94693,22.21521,4.0,-73.0,0,0 days,0.0
1983-11-18,28.626068,22.885345,4.0,-73.0,0,0 days,0.0
1983-11-19,30.564056,22.06778,4.0,-73.0,0,0 days,0.0
1983-11-20,29.228119,22.364471,4.0,-73.0,0,0 days,0.0
1983-11-21,30.18155,22.41742,4.0,-73.0,0,0 days,0.0
1983-11-22,29.440338,22.61621,4.0,-73.0,0,0 days,0.0
1983-11-23,30.158234,22.79721,4.0,-73.0,0,0 days,0.0
1983-11-24,29.947784,22.304047,4.0,-73.0,0,0 days,0.0
1983-11-25,28.4617,22.375244,4.0,-73.0,0,0 days,0.0
1983-11-26,28.71103,22.013458,4.0,-73.0,0,0 days,0.0
1983-11-27,29.333954,20.903412,4.0,-73.0,0,0 days,0.0
1983-11-28,30.659912,21.468536,4.0,-73.0,0,0 days,0.0
1983-11-29,29.326935,21.966736,4.0,-73.0,0,0 days,0.0
1983-11-30,29.964508,23.191101,4.0,-73.0,0,0 days,0.0
1983-12-01,30.824493,22.378937,4.0,-73.0,0,0 days,0.0
1983-12-02,31.575409,22.242554,4.0,-73.0,0,0 days,0.0
1983-12-03,30.329681,22.427582,4.0,-73.0,0,0 days,0.0
1983-12-04,29.576233,22.639343,4.0,-73.0,0,0 days,0.0
1983-12-05,30.805817,21.482391,4.0,-73.0,0,0 days,0.0
1983-12-06,30.122314,22.208649,4.0,-73.0,0,0 days,0.0
1983-12-07,29.990509,22.199585,4.0,-73.0,0,0 days,0.0
1983-12-08,31.048431,21.884247,4.0,-73.0,0,0 days,0.0
1983-12-09,30.971832,22.484833,4.0,-73.0,0,0 days,0.0
1983-12-10,29.294647,21.9982,4.0,-73.0,0,0 days,0.0
1983-12-11,29.504791,21.61679,4.0,-73.0,0,0 days,0.0
1983-12-12,29.26001,22.572083,4.0,-73.0,0,0 days,0.0
1983-12-13,30.381195,21.74585,4.0,-73.0,0,0 days,0.0
1983-12-14,29.071564,22.111603,4.0,-73.0,0,0 days,0.0
1983-12-15,27.819855,21.963623,4.0,-73.0,0,0 days,0.0
1983-12-16,29.43039,22.56137,4.0,-73.0,0,0 days,0.0
1983-12-17,30.267487,21.657074,4.0,-73.0,0,0 days,0.0
1983-12-18,30.887787,21.769989,4.0,-73.0,0,0 days,0.0
1983-12-19,31.082794,22.273193,4.0,-73.0,0,0 days,0.0
1983-12-20,28.09372,21.813995,4.0,-73.0,0,0 days,0.0
1983-12-21,29.919098,21.703949,4.0,-73.0,0,0 days,0.0
1983-12-22,29.266754,22.637299,4.0,-73.0,0,0 days,0.0
1983-12-23,29.88272,21.051727,4.0,-73.0,0,0 days,0.0
1983-12-24,29.371643,22.516327,4.0,-73.0,0,0 days,0.0
1983-12-25,31.375458,21.985962,4.0,-73.0,0,0 days,0.0
1983-12-26,30.64029,21.624542,4.0,-73.0,0,0 days,0.0
1983-12-27,28.244843,21.97992,4.0,-73.0,0,0 days,0.0
1983-12-28,30.57602,22.26059,4.0,-73.0,0,0 days,0.0
1983-12-29,31.235382,20.152405,4.0,-73.0,0,0 days,0.0
1983-12-30,31.679596,20.474976,4.0,-73.0,0,0 days,0.0
1983-12-31,32.48639,20.340424,4.0,-73.0,0,0 days,0.0
1984-01-01,30.164398,21.710785,4.0,-73.0,0,0 days,0.0
1984-01-02,31.861633,22.293243,4.0,-73.0,0,0 days,0.0
1984-01-03,29.869019,21.98819,4.0,-73.0,0,0 days,0.0
1984-01-04,31.237213,22.019165,4.0,-73.0,0,0 days,0.0
1984-01-05,31.322906,22.504883,4.0,-73.0,0,0 days,0.0
1984-01-06,31.36502,22.195312,4.0,-73.0,0,0 days,0.0
1984-01-07,30.679901,21.901703,4.0,-73.0,0,0 days,0.0
1984-01-08,32.023804,22.00055,4.0,-73.0,0,0 days,0.0
1984-01-09,31.661804,22.967987,4.0,-73.0,0,0 days,0.0
1984-01-10,31.120483,22.39627,4.0,-73.0,0,0 days,0.0
1984-01-11,33.250885,22.565033,4.0,-73.0,0,0 days,0.0
1984-01-12,32.51065,22.868256,4.0,-73.0,0,0 days,0.0
1984-01-13,33.55426,21.70932,4.0,-73.0,0,0 days,0.0
1984-01-14,31.796387,22.237854,4.0,-73.0,0,0 days,0.0
1984-01-15,31.141998,21.977448,4.0,-73.0,0,0 days,0.0
1984-01-16,27.75412,22.217773,4.0,-73.0,0,0 days,0.0
1984-01-17,27.359283,20.877472,4.0,-73.0,0,0 days,0.0
1984-01-18,28.522247,21.028473,4.0,-73.0,0,0 days,0.0
1984-01-19,30.331879,20.374908,4.0,-73.0,0,0 days,0.0
1984-01-20,28.745392,20.985138,4.0,-73.0,0,0 days,0.0
1984-01-21,29.971222,20.832916,4.0,-73.0,0,0 days,0.0
1984-01-22,29.019867,21.759796,4.0,-73.0,0,0 days,0.0
1984-01-23,31.16861,21.20877,4.0,-73.0,0,0 days,0.0
1984-01-24,30.162811,22.19748,4.0,-73.0,0,0 days,0.0
1984-01-25,30.976654,22.129303,4.0,-73.0,0,0 days,0.0
1984-01-26,31.399414,22.083923,4.0,-73.0,0,0 days,0.0
1984-01-27,29.720337,21.374268,4.0,-73.0,0,0 days,0.0
1984-01-28,30.397888,21.155212,4.0,-73.0,0,0 days,0.0
1984-01-29,31.7193,21.123322,4.0,-73.0,0,0 days,0.0
1984-01-30,33.131836,20.928314,4.0,-73.0,0,0 days,0.0
1984-01-31,30.318115,21.856506,4.0,-73.0,0,0 days,0.0
1984-02-01,28.416718,22.82666,4.0,-73.0,0,0 days,0.0
1984-02-02,29.089813,22.334625,4.0,-73.0,0,0 days,0.0
1984-02-03,31.145111,21.289032,4.0,-73.0,0,0 days,0.0
1984-02-04,31.113007,21.631256,4.0,-73.0,0,0 days,0.0
1984-02-05,29.094543,21.823395,4.0,-73.0,0,0 days,0.0
1984-02-06,30.499176,22.03067,4.0,-73.0,0,0 days,0.0
1984-02-07,30.838165,21.442474,4.0,-73.0,0,0 days,0.0
1984-02-08,30.196259,21.297577,4.0,-73.0,0,0 days,0.0
1984-02-09,29.603851,21.689667,4.0,-73.0,0,0 days,0.0
1984-02-10,30.952606,22.062622,4.0,-73.0,0,0 days,0.0
1984-02-11,30.402863,22.15216,4.0,-73.0,0,0 days,0.0
1984-02-12,31.795074,22.62033,4.0,-73.0,0,0 days,0.0
1984-02-13,31.260864,22.619202,4.0,-73.0,0,0 days,0.0
1984-02-14,32.256683,22.019928,4.0,-73.0,0,0 days,0.0
1984-02-15,32.057404,21.634766,4.0,-73.0,0,0 days,0.0
1984-02-16,29.222809,22.07602,4.0,-73.0,0,0 days,0.0
1984-02-17,28.321259,21.953094,4.0,-73.0,0,0 days,0.0
1984-02-18,29.820953,20.72171,4.0,-73.0,0,0 days,0.0
1984-02-19,28.934479,21.110443,4.0,-73.0,0,0 days,0.0
1984-02-20,27.377441,22.061554,4.0,-73.0,0,0 days,0.0
1984-02-21,28.214752,21.786774,4.0,-73.0,0,0 days,0.0
1984-02-22,27.057465,21.806854,4.0,-73.0,0,0 days,0.0
1984-02-23,27.40387,22.168121,4.0,-73.0,0,0 days,0.0
1984-02-24,29.431305,21.990784,4.0,-73.0,0,0 days,0.0
1984-02-25,29.811768,20.800812,4.0,-73.0,0,0 days,0.0
1984-02-26,31.227142,21.857971,4.0,-73.0,0,0 days,0.0
1984-02-27,32.34787,21.737396,4.0,-73.0,0,0 days,0.0
1984-02-28,32.453827,22.06961,4.0,-73.0,0,0 days,0.0
1984-02-29,30.8555,22.215271,4.0,-73.0,0,0 days,0.0
1984-03-01,27.658112,21.253143,4.0,-73.0,0,0 days,0.0
1984-03-02,30.587585,22.481781,4.0,-73.0,0,0 days,0.0
1984-03-03,29.273407,21.665741,4.0,-73.0,0,0 days,0.0
1984-03-04,30.426544,21.430054,4.0,-73.0,0,0 days,0.0
1984-03-05,29.675812,22.071808,4.0,-73.0,0,0 days,0.0
1984-03-06,32.35672,21.847565,4.0,-73.0,0,0 days,0.0
1984-03-07,31.176544,21.980316,4.0,-73.0,0,0 days,0.0
1984-03-08,31.465118,22.321686,4.0,-73.0,0,0 days,0.0
1984-03-09,33.125244,22.086273,4.0,-73.0,0,0 days,0.0
1984-03-10,32.631897,21.937012,4.0,-73.0,0,0 days,0.0
1984-03-11,31.90158,22.281403,4.0,-73.0,0,0 days,0.0
1984-03-12,31.713867,21.693329,4.0,-73.0,0,0 days,0.0
1984-03-13,31.348663,20.15097,4.0,-73.0,0,0 days,0.0
1984-03-14,33.82492,20.376251,4.0,-73.0,0,0 days,0.0
1984-03-15,33.47177,21.440704,4.0,-73.0,0,0 days,0.0
1984-03-16,32.646698,20.99826,4.0,-73.0,0,0 days,0.0
1984-03-17,34.346954,22.674652,4.0,-73.0,0,0 days,0.0
1984-03-18,33.441376,23.727448,4.0,-73.0,0,0 days,0.0
1984-03-19,31.14627,23.299164,4.0,-73.0,0,0 days,0.0
1984-03-20,31.014679,24.325623,4.0,-73.0,0,0 days,0.0
1984-03-21,32.74539,23.395325,4.0,-73.0,0,0 days,0.0
1984-03-22,29.809357,22.82605,4.0,-73.0,0,0 days,0.0
1984-03-23,30.815582,23.263702,4.0,-73.0,0,0 days,0.0
1984-03-24,32.519806,22.03482,4.0,-73.0,0,0 days,0.0
1984-03-25,31.782654,22.69693,4.0,-73.0,0,0 days,0.0
1984-03-26,31.710419,22.620728,4.0,-73.0,0,0 days,0.0
1984-03-27,32.918182,22.216797,4.0,-73.0,0,0 days,0.0
1984-03-28,32.700043,23.442993,4.0,-73.0,0,0 days,0.0
1984-03-29,29.589203,22.282135,4.0,-73.0,0,0 days,0.0
1984-03-30,28.063324,21.99237,4.0,-73.0,0,0 days,0.0
1984-03-31,31.695282,21.928436,4.0,-73.0,0,0 days,0.0
1984-04-01,31.343994,21.199615,4.0,-73.0,0,0 days,0.0
1984-04-02,31.912048,22.477661,4.0,-73.0,0,0 days,0.0
1984-04-03,32.687836,22.987823,4.0,-73.0,0,0 days,0.0
1984-04-04,34.01654,22.435364,4.0,-73.0,0,0 days,0.0
1984-04-05,32.791595,23.04486,4.0,-73.0,0,0 days,0.0
1984-04-06,30.96341,22.037048,4.0,-73.0,0,0 days,0.0
1984-04-07,30.731354,21.289398,4.0,-73.0,0,0 days,0.0
1984-04-08,28.523895,21.688293,4.0,-73.0,0,0 days,0.0
1984-04-09,30.902985,21.882233,4.0,-73.0,0,0 days,0.0
1984-04-10,29.186249,22.30954,4.0,-73.0,0,0 days,0.0
1984-04-11,30.329865,22.396667,4.0,-73.0,0,0 days,0.0
1984-04-12,31.221344,21.965302,4.0,-73.0,0,0 days,0.0
1984-04-13,29.922882,22.12674,4.0,-73.0,0,0 days,0.0
1984-04-14,30.832489,21.874908,4.0,-73.0,0,0 days,0.0
1984-04-15,32.38211,22.343048,4.0,-73.0,0,0 days,0.0
1984-04-16,31.037445,22.581757,4.0,-73.0,0,0 days,0.0
1984-04-17,30.904205,23.387634,4.0,-73.0,0,0 days,0.0
1984-04-18,33.14734,21.512878,4.0,-73.0,0,0 days,0.0
1984-04-19,31.996002,23.31845,4.0,-73.0,0,0 days,0.0
1984-04-20,32.624054,22.499237,4.0,-73.0,0,0 days,0.0
1984-04-21,31.75003,23.018463,4.0,-73.0,0,0 days,0.0
1984-04-22,32.021637,22.973938,4.0,-73.0,0,0 days,0.0
1984-04-23,30.324738,23.861359,4.0,-73.0,0,0 days,0.0
1984-04-24,30.959259,22.74179,4.0,-73.0,0,0 days,0.0
1984-04-25,27.023468,22.662262,4.0,-73.0,0,0 days,0.0
1984-04-26,26.4982,22.610046,4.0,-73.0,0,0 days,0.0
1984-04-27,32.28064,21.778778,4.0,-73.0,0,0 days,0.0
1984-04-28,30.5513,22.746552,4.0,-73.0,0,0 days,0.0
1984-04-29,29.202606,22.191223,4.0,-73.0,0,0 days,0.0
1984-04-30,27.193665,21.500519,4.0,-73.0,0,0 days,0.0
1984-05-01,28.518097,21.745178,4.0,-73.0,0,0 days,0.0
1984-05-02,32.71335,22.492828,4.0,-73.0,0,0 days,0.0
1984-05-03,28.539886,22.602692,4.0,-73.0,0,0 days,0.0
1984-05-04,32.865875,22.102386,4.0,-73.0,0,0 days,0.0
1984-05-05,31.696045,22.738525,4.0,-73.0,0,0 days,0.0
1984-05-06,31.898193,22.711395,4.0,-73.0,0,0 days,0.0
1984-05-07,30.982452,21.973083,4.0,-73.0,0,0 days,0.0
1984-05-08,30.69522,21.133392,4.0,-73.0,0,0 days,0.0
1984-05-09,31.316315,22.360138,4.0,-73.0,0,0 days,0.0
1984-05-10,31.09549,22.919891,4.0,-73.0,0,0 days,0.0
1984-05-11,27.866852,22.222382,4.0,-73.0,0,0 days,0.0
1984-05-12,28.914032,21.936981,4.0,-73.0,0,0 days,0.0
1984-05-13,29.88498,22.726776,4.0,-73.0,0,0 days,0.0
1984-05-14,30.683563,22.930939,4.0,-73.0,0,0 days,0.0
1984-05-15,28.542938,23.326965,4.0,-73.0,0,0 days,0.0
1984-05-16,28.181427,21.72174,4.0,-73.0,0,0 days,0.0
1984-05-17,28.765839,21.868134,4.0,-73.0,0,0 days,0.0
1984-05-18,30.53769,22.33667,4.0,-73.0,0,0 days,0.0
1984-05-19,30.447357,21.713165,4.0,-73.0,0,0 days,0.0
1984-05-20,28.101349,22.597015,4.0,-73.0,0,0 days,0.0
1984-05-21,29.827911,22.263367,4.0,-73.0,0,0 days,0.0
1984-05-22,31.287537,23.47165,4.0,-73.0,0,0 days,0.0
1984-05-23,30.109222,21.73587,4.0,-73.0,0,0 days,0.0
1984-05-24,31.207306,22.541534,4.0,-73.0,0,0 days,0.0
1984-05-25,30.485748,22.950562,4.0,-73.0,0,0 days,0.0
1984-05-26,29.037994,22.289001,4.0,-73.0,0,0 days,0.0
1984-05-27,29.320984,21.325592,4.0,-73.0,0,0 days,0.0
1984-05-28,28.86905,22.357574,4.0,-73.0,0,0 days,0.0
1984-05-29,28.885437,22.55783,4.0,-73.0,0,0 days,0.0
1984-05-30,31.23941,23.007477,4.0,-73.0,0,0 days,0.0
1984-05-31,27.599518,22.222198,4.0,-73.0,0,0 days,0.0
1984-06-01,30.087677,22.213593,4.0,-73.0,0,0 days,0.0
1984-06-02,30.07492,21.899323,4.0,-73.0,0,0 days,0.0
1984-06-03,27.11795,22.688385,4.0,-73.0,0,0 days,0.0
1984-06-04,26.5737,22.195343,4.0,-73.0,0,0 days,0.0
1984-06-05,28.50058,21.525726,4.0,-73.0,0,0 days,0.0
1984-06-06,28.65036,21.846283,4.0,-73.0,0,0 days,0.0
1984-06-07,27.804352,21.846771,4.0,-73.0,0,0 days,0.0
1984-06-08,28.227386,21.436676,4.0,-73.0,0,0 days,0.0
1984-06-09,30.759003,21.759491,4.0,-73.0,0,0 days,0.0
1984-06-10,28.180359,22.99527,4.0,-73.0,0,0 days,0.0
1984-06-11,27.795685,22.059784,4.0,-73.0,0,0 days,0.0
1984-06-12,29.64148,21.673553,4.0,-73.0,0,0 days,0.0
1984-06-13,27.392395,21.710663,4.0,-73.0,0,0 days,0.0
1984-06-14,28.4357,21.598297,4.0,-73.0,0,0 days,0.0
1984-06-15,26.61966,21.786774,4.0,-73.0,0,0 days,0.0
1984-06-16,27.114227,21.925262,4.0,-73.0,0,0 days,0.0
1984-06-17,27.390411,21.727203,4.0,-73.0,0,0 days,0.0
1984-06-18,27.986511,21.41333,4.0,-73.0,0,0 days,0.0
1984-06-19,27.221222,22.063019,4.0,-73.0,0,0 days,0.0
1984-06-20,29.877563,21.377655,4.0,-73.0,0,0 days,0.0
1984-06-21,30.588898,21.498047,4.0,-73.0,0,0 days,0.0
1984-06-22,26.175507,21.808014,4.0,-73.0,0,0 days,0.0
1984-06-23,28.11502,21.48056,4.0,-73.0,0,0 days,0.0
1984-06-24,28.779327,21.312134,4.0,-73.0,0,0 days,0.0
1984-06-25,28.99289,22.232086,4.0,-73.0,0,0 days,0.0
1984-06-26,28.638153,21.739502,4.0,-73.0,0,0 days,0.0
1984-06-27,25.825043,21.773895,4.0,-73.0,0,0 days,0.0
1984-06-28,28.396637,21.109222,4.0,-73.0,0,0 days,0.0
1984-06-29,25.675934,21.318115,4.0,-73.0,0,0 days,0.0
1984-06-30,29.169067,21.377533,4.0,-73.0,0,0 days,0.0
1984-07-01,27.793365,21.151428,4.0,-73.0,0,0 days,0.0
1984-07-02,28.098175,21.020264,4.0,-73.0,0,0 days,0.0
1984-07-03,29.275574,22.105255,4.0,-73.0,0,0 days,0.0
1984-07-04,28.429474,21.56607,4.0,-73.0,0,0 days,0.0
1984-07-05,28.387054,21.295685,4.0,-73.0,0,0 days,0.0
1984-07-06,28.252289,21.62796,4.0,-73.0,0,0 days,0.0
1984-07-07,27.371307,21.22998,4.0,-73.0,0,0 days,0.0
1984-07-08,26.458466,20.566956,4.0,-73.0,0,0 days,0.0
1984-07-09,28.52768,21.296295,4.0,-73.0,0,0 days,0.0
1984-07-10,29.902863,21.798859,4.0,-73.0,0,0 days,0.0
1984-07-11,28.499176,20.989197,4.0,-73.0,0,0 days,0.0
1984-07-12,28.077362,20.717316,4.0,-73.0,0,0 days,0.0
1984-07-13,27.605255,21.632385,4.0,-73.0,0,0 days,0.0
1984-07-14,28.639557,21.477417,4.0,-73.0,0,0 days,0.0
1984-07-15,28.130829,21.465576,4.0,-73.0,0,0 days,0.0
1984-07-16,27.312164,20.621979,4.0,-73.0,0,0 days,0.0
1984-07-17,29.739044,20.953308,4.0,-73.0,0,0 days,0.0
1984-07-18,27.24704,20.691803,4.0,-73.0,0,0 days,0.0
1984-07-19,28.439514,21.39804,4.0,-73.0,0,0 days,0.0
1984-07-20,29.672394,20.79654,4.0,-73.0,0,0 days,0.0
1984-07-21,30.1138,19.189789,4.0,-73.0,0,0 days,0.0
1984-07-22,28.819244,20.531921,4.0,-73.0,0,0 days,0.0
1984-07-23,28.857147,20.79654,4.0,-73.0,0,0 days,0.0
1984-07-24,27.315765,21.032684,4.0,-73.0,0,0 days,0.0
1984-07-25,26.072266,22.068756,4.0,-73.0,0,0 days,0.0
1984-07-26,25.875854,22.051788,4.0,-73.0,0,0 days,0.0
1984-07-27,28.817108,20.690063,4.0,-73.0,0,0 days,0.0
1984-07-28,25.33194,22.050232,4.0,-73.0,0,0 days,0.0
1984-07-29,27.20813,21.845306,4.0,-73.0,0,0 days,0.0
1984-07-30,28.8544,21.359253,4.0,-73.0,0,0 days,0.0
1984-07-31,29.066406,20.365845,4.0,-73.0,0,0 days,0.0
1984-08-01,29.660553,20.794159,4.0,-73.0,0,0 days,0.0
1984-08-02,28.740753,21.39154,4.0,-73.0,0,0 days,0.0
1984-08-03,26.690643,21.851166,4.0,-73.0,0,0 days,0.0
1984-08-04,31.368744,21.427765,4.0,-73.0,0,0 days,0.0
1984-08-05,28.784943,21.030243,4.0,-73.0,0,0 days,0.0
1984-08-06,29.406952,21.808136,4.0,-73.0,0,0 days,0.0
1984-08-07,30.259857,21.970978,4.0,-73.0,0,0 days,0.0
1984-08-08,28.239716,21.598572,4.0,-73.0,0,0 days,0.0
1984-08-09,26.441559,21.635864,4.0,-73.0,0,0 days,0.0
1984-08-10,29.609344,21.052582,4.0,-73.0,0,0 days,0.0
1984-08-11,27.743134,21.676605,4.0,-73.0,0,0 days,0.0
1984-08-12,30.287262,21.303436,4.0,-73.0,0,0 days,0.0
1984-08-13,26.146881,21.770172,4.0,-73.0,0,0 days,0.0
1984-08-14,28.122711,21.393219,4.0,-73.0,0,0 days,0.0
1984-08-15,30.706146,21.920258,4.0,-73.0,0,0 days,0.0
1984-08-16,28.621246,21.524109,4.0,-73.0,0,0 days,0.0
1984-08-17,28.82486,21.865875,4.0,-73.0,0,0 days,0.0
1984-08-18,28.83078,21.956451,4.0,-73.0,0,0 days,0.0
1984-08-19,27.198029,21.321136,4.0,-73.0,0,0 days,0.0
1984-08-20,28.567413,22.179413,4.0,-73.0,0,0 days,0.0
1984-08-21,28.515717,21.431702,4.0,-73.0,0,0 days,0.0
1984-08-22,30.262604,22.123383,4.0,-73.0,0,0 days,0.0
1984-08-23,30.07901,20.579132,4.0,-73.0,0,0 days,0.0
1984-08-24,29.67038,22.207611,4.0,-73.0,0,0 days,0.0
1984-08-25,29.379456,22.166382,4.0,-73.0,0,0 days,0.0
1984-08-26,26.110931,21.566193,4.0,-73.0,0,0 days,0.0
1984-08-27,26.14804,19.944397,4.0,-73.0,0,0 days,0.0
1984-08-28,25.417114,19.542511,4.0,-73.0,0,0 days,0.0
1984-08-29,24.975464,20.626099,4.0,-73.0,0,0 days,0.0
1984-08-30,28.774933,21.32074,4.0,-73.0,0,0 days,0.0
1984-08-31,30.534088,20.22818,4.0,-73.0,0,0 days,0.0
1984-09-01,28.550262,21.551819,4.0,-73.0,0,0 days,0.0
1984-09-02,30.620026,21.17691,4.0,-73.0,0,0 days,0.0
1984-09-03,30.223114,22.067505,4.0,-73.0,0,0 days,0.0
1984-09-04,27.347717,20.236115,4.0,-73.0,0,0 days,0.0
1984-09-05,28.780243,21.949432,4.0,-73.0,0,0 days,0.0
1984-09-06,29.090118,21.574005,4.0,-73.0,0,0 days,0.0
1984-09-07,29.759186,21.206818,4.0,-73.0,0,0 days,0.0
1984-09-08,28.13913,22.5401,4.0,-73.0,0,0 days,0.0
1984-09-09,27.461212,20.78302,4.0,-73.0,0,0 days,0.0
1984-09-10,29.220886,20.874664,4.0,-73.0,0,0 days,0.0
1984-09-11,27.34256,21.172333,4.0,-73.0,0,0 days,0.0
1984-09-12,29.773468,21.905792,4.0,-73.0,0,0 days,0.0
1984-09-13,29.082642,21.550049,4.0,-73.0,0,0 days,0.0
1984-09-14,31.312653,22.048767,4.0,-73.0,0,0 days,0.0
1984-09-15,29.52127,21.189117,4.0,-73.0,0,0 days,0.0
1984-09-16,27.506256,20.274323,4.0,-73.0,0,0 days,0.0
1984-09-17,29.00418,22.121185,4.0,-73.0,0,0 days,0.0
1984-09-18,30.167145,20.840698,4.0,-73.0,0,0 days,0.0
1984-09-19,29.626587,21.944122,4.0,-73.0,0,0 days,0.0
1984-09-20,29.847473,21.874268,4.0,-73.0,0,0 days,0.0
1984-09-21,29.99588,22.09961,4.0,-73.0,0,0 days,0.0
1984-09-22,30.715668,22.230743,4.0,-73.0,0,0 days,0.0
1984-09-23,27.759003,21.741608,4.0,-73.0,0,0 days,0.0
1984-09-24,29.564331,21.249329,4.0,-73.0,0,0 days,0.0
1984-09-25,30.568573,22.128326,4.0,-73.0,0,0 days,0.0
1984-09-26,29.997772,22.759491,4.0,-73.0,0,0 days,0.0
1984-09-27,30.199127,21.833954,4.0,-73.0,0,0 days,0.0
1984-09-28,28.194916,21.891632,4.0,-73.0,0,0 days,0.0
1984-09-29,29.22873,21.371918,4.0,-73.0,0,0 days,0.0
1984-09-30,28.658905,21.61856,4.0,-73.0,0,0 days,0.0
1984-10-01,29.831024,21.31668,4.0,-73.0,0,0 days,0.0
1984-10-02,30.167938,21.496155,4.0,-73.0,0,0 days,0.0
1984-10-03,30.209259,21.682709,4.0,-73.0,0,0 days,0.0
1984-10-04,30.31363,21.446259,4.0,-73.0,0,0 days,0.0
1984-10-05,29.601654,21.456573,4.0,-73.0,0,0 days,0.0
1984-10-06,28.343445,21.866241,4.0,-73.0,0,0 days,0.0
1984-10-07,29.499725,22.099213,4.0,-73.0,0,0 days,0.0
1984-10-08,28.866425,21.807648,4.0,-73.0,0,0 days,0.0
1984-10-09,29.471008,21.512665,4.0,-73.0,0,0 days,0.0
1984-10-10,29.898834,22.655731,4.0,-73.0,0,0 days,0.0
1984-10-11,29.586884,22.009064,4.0,-73.0,0,0 days,0.0
1984-10-12,30.538788,22.27951,4.0,-73.0,0,0 days,0.0
1984-10-13,29.449036,22.122864,4.0,-73.0,0,0 days,0.0
1984-10-14,27.86319,21.867798,4.0,-73.0,0,0 days,0.0
1984-10-15,29.197662,22.33609,4.0,-73.0,0,0 days,0.0
1984-10-16,29.247711,22.230621,4.0,-73.0,0,0 days,0.0
1984-10-17,27.630646,22.448822,4.0,-73.0,0,0 days,0.0
1984-10-18,29.053741,21.993317,4.0,-73.0,0,0 days,0.0
1984-10-19,30.285217,22.282898,4.0,-73.0,0,0 days,0.0
1984-10-20,29.725128,21.887299,4.0,-73.0,0,0 days,0.0
1984-10-21,28.417694,22.394867,4.0,-73.0,0,0 days,0.0
1984-10-22,31.522736,22.463348,4.0,-73.0,0,0 days,0.0
1984-10-23,29.720245,22.083405,4.0,-73.0,0,0 days,0.0
1984-10-24,29.045258,22.711761,4.0,-73.0,0,0 days,0.0
1984-10-25,32.358307,22.83017,4.0,-73.0,0,0 days,0.0
1984-10-26,28.155182,22.592224,4.0,-73.0,0,0 days,0.0
1984-10-27,29.118347,22.656189,4.0,-73.0,0,0 days,0.0
1984-10-28,29.220856,22.853485,4.0,-73.0,0,0 days,0.0
1984-10-29,29.813263,22.974243,4.0,-73.0,0,0 days,0.0
1984-10-30,29.255585,22.082947,4.0,-73.0,0,0 days,0.0
1984-10-31,30.51419,22.623138,4.0,-73.0,0,0 days,0.0
1984-11-01,29.22232,21.606232,4.0,-73.0,0,0 days,0.0
1984-11-02,30.539032,21.654388,4.0,-73.0,0,0 days,0.0
1984-11-03,30.544067,22.91507,4.0,-73.0,0,0 days,0.0
1984-11-04,30.275421,22.338348,4.0,-73.0,0,0 days,0.0
1984-11-05,29.345215,22.041382,4.0,-73.0,0,0 days,0.0
1984-11-06,29.056183,22.631256,4.0,-73.0,0,0 days,0.0
1984-11-07,30.06485,22.80545,4.0,-73.0,0,0 days,0.0
1984-11-08,30.02304,22.690186,4.0,-73.0,0,0 days,0.0
1984-11-09,30.457672,22.43393,4.0,-73.0,0,0 days,0.0
1984-11-10,31.639862,21.867523,4.0,-73.0,0,0 days,0.0
1984-11-11,27.4805,21.848358,4.0,-73.0,0,0 days,0.0
1984-11-12,27.684296,21.665436,4.0,-73.0,0,0 days,0.0
1984-11-13,28.225403,22.182281,4.0,-73.0,0,0 days,0.0
1984-11-14,30.211151,22.317108,4.0,-73.0,0,0 days,0.0
1984-11-15,28.391968,21.432709,4.0,-73.0,0,0 days,0.0
1984-11-16,31.067291,22.087463,4.0,-73.0,0,0 days,0.0
1984-11-17,29.322296,21.974579,4.0,-73.0,0,0 days,0.0
1984-11-18,29.180328,22.565735,4.0,-73.0,0,0 days,0.0
1984-11-19,27.391388,22.231415,4.0,-73.0,0,0 days,0.0
1984-11-20,28.355682,21.990967,4.0,-73.0,0,0 days,0.0
1984-11-21,28.66977,21.838593,4.0,-73.0,0,0 days,0.0
1984-11-22,31.730652,22.394012,4.0,-73.0,0,0 days,0.0
1984-11-23,29.81363,22.363861,4.0,-73.0,0,0 days,0.0
1984-11-24,31.069794,22.695557,4.0,-73.0,0,0 days,0.0
1984-11-25,31.177704,22.2919,4.0,-73.0,0,0 days,0.0
1984-11-26,28.02475,21.95819,4.0,-73.0,0,0 days,0.0
1984-11-27,30.11502,21.898407,4.0,-73.0,0,0 days,0.0
1984-11-28,30.4133,21.791168,4.0,-73.0,0,0 days,0.0
1984-11-29,29.585144,22.37024,4.0,-73.0,0,0 days,0.0
1984-11-30,28.96579,22.145477,4.0,-73.0,0,0 days,0.0
1984-12-01,30.86734,21.988617,4.0,-73.0,0,0 days,0.0
1984-12-02,30.757904,22.397034,4.0,-73.0,0,0 days,0.0
1984-12-03,30.723236,18.621857,4.0,-73.0,0,0 days,0.0
1984-12-04,30.946014,20.190094,4.0,-73.0,0,0 days,0.0
1984-12-05,31.376434,20.394958,4.0,-73.0,0,0 days,0.0
1984-12-06,30.63504,20.062805,4.0,-73.0,0,0 days,0.0
1984-12-07,31.712524,20.52002,4.0,-73.0,0,0 days,0.0
1984-12-08,31.820343,20.91507,4.0,-73.0,0,0 days,0.0
1984-12-09,31.211761,20.438354,4.0,-73.0,0,0 days,0.0
1984-12-10,31.471924,22.022552,4.0,-73.0,0,0 days,0.0
1984-12-11,31.41745,21.679413,4.0,-73.0,0,0 days,0.0
1984-12-12,30.86026,22.404083,4.0,-73.0,0,0 days,0.0
1984-12-13,32.201447,22.291656,4.0,-73.0,0,0 days,0.0
1984-12-14,31.79306,22.972443,4.0,-73.0,0,0 days,0.0
1984-12-15,32.908234,21.261292,4.0,-73.0,0,0 days,0.0
1984-12-16,32.365906,22.596588,4.0,-73.0,0,0 days,0.0
1984-12-17,30.044647,22.50296,4.0,-73.0,0,0 days,0.0
1984-12-18,31.279083,22.50882,4.0,-73.0,0,0 days,0.0
1984-12-19,30.293732,23.38379,4.0,-73.0,0,0 days,0.0
1984-12-20,30.590973,21.577606,4.0,-73.0,0,0 days,0.0
1984-12-21,29.1232,21.671173,4.0,-73.0,0,0 days,0.0
1984-12-22,30.645355,21.648407,4.0,-73.0,0,0 days,0.0
1984-12-23,27.684845,21.423248,4.0,-73.0,0,0 days,0.0
1984-12-24,28.666443,21.626312,4.0,-73.0,0,0 days,0.0
1984-12-25,29.72293,21.46994,4.0,-73.0,0,0 days,0.0
1984-12-26,30.22705,21.738007,4.0,-73.0,0,0 days,0.0
1984-12-27,30.118683,22.36087,4.0,-73.0,0,0 days,0.0
1984-12-28,32.724884,22.997467,4.0,-73.0,0,0 days,0.0
1984-12-29,32.19101,20.887726,4.0,-73.0,0,0 days,0.0
1984-12-30,30.372406,22.3526,4.0,-73.0,0,0 days,0.0
1984-12-31,32.3696,21.656616,4.0,-73.0,0,0 days,0.0
